Type Vehicule;Carburant;Norme Euro;Polluant;Type Route;FE;
VUL;Essence;avant Euro 1;PM1.0;Ville;0.0021;
PL;Diesel;avant Euro 1;CO2;Route;769;
PL;Diesel;avant Euro 1;UPM1.0;Route;0.004;
VUL;Essence;avant Euro 1;UPM2.5;Route;0.016;
PL;Essence;avant Euro 1;UPM2.5;Route;0.049;
BUS;Diesel;avant Euro 1;UPM10;Ville;0.117;
VUL;Essence;avant Euro 1;PM10;Ville;0.00282;
VP;Essence;avant Euro 1;ECOVNM;Route;1.647;
VP;Essence;avant Euro 1;ECOVNM;Ville;4.392;
VUL;Essence;avant Euro 1;UPM10;Ville;0.041;
VUL;Essence;avant Euro 1;COVNM;Route;0.469;
VP;Essence;avant Euro 1;PM10;Route;0.00132;
2R;Essence;avant Euro 1;UPM2.5;Route;0.01;
VP;Diesel;avant Euro 1;PM10;Route;0.11293;
VP;Diesel;avant Euro 1;UTSP;Route;0.033;
VP;Diesel;avant Euro 1;SO2;Ville;0.00655;
VUL;Diesel;avant Euro 1;PM10;Ville;0.24084;
VP;Essence;avant Euro 1;UPM2.5;Ville;0.015;
PL;Essence;avant Euro 1;COVNM;Route;2.386;
PL;Essence;avant Euro 1;PM1.0;Ville;0.00815;
VUL;Diesel;avant Euro 1;UPM10;Ville;0.041;
Bus;Diesel;avant Euro 1;PM2.5;Route;0.30665;
VP;Diesel;avant Euro 1;SO2;Route;0.00347;
VP;Diesel;avant Euro 1;NH3;Route;0.001;
PL;Essence;avant Euro 1;CH4;Ville;0.14;
Bus;Diesel;avant Euro 1;CO2;Route;676.03657;
VUL;Essence;avant Euro 1;UPM2.5;Ville;0.022;
2R;Essence;avant Euro 1;CO2;Ville;102;
VP;Essence;avant Euro 1;PM10;Ville;0.00244;
PL;Diesel;avant Euro 1;PM2.5;Route;0.382;
2R;Essence;avant Euro 1;NOx;Route;0.174;
VP;Essence;avant Euro 1;UPM1.0;Ville;0.002;
2R;Essence;avant Euro 1;COVNM;Route;5.268;
VP;Diesel;avant Euro 1;CO;Route;0.432;
PL;Essence;avant Euro 1;PM10;Route;0.00492;
VUL;Essence;avant Euro 1;UTSP;Ville;0.058;
VUL;Essence;avant Euro 1;CO;Ville;25.233;
VP;Essence;avant Euro 1;CH4;Ville;0.16519;
2R;Essence;avant Euro 1;PM2.5;Ville;0.113;
PL;Diesel;avant Euro 1;COVNM;Route;1.145;
VUL;Diesel;avant Euro 1;UTSP;Ville;0.058;
VUL;Diesel;avant Euro 1;COVNM;Ville;0.113;
VP;Essence;avant Euro 1;NH3;Route;0.002;
VUL;Diesel;avant Euro 1;PM1.0;Ville;0.22252;
Bus;Diesel;avant Euro 1;PM10;Route;0.30665;
PL;Essence;avant Euro 1;N2O;Route;0.006;
VP;Diesel;avant Euro 1;CH4;Route;0.012;
VP;Diesel;avant Euro 1;UPM10;Ville;0.029;
PL;Diesel;avant Euro 1;CH4;Ville;0.175;
VUL;Essence;avant Euro 1;COVNM;Ville;2.624;
BUS;Diesel;avant Euro 1;UPM10;Route;0.096;
VP;Essence;avant Euro 1;UPM2.5;Route;0.012;
PL;Diesel;avant Euro 1;NOx;Route;11.101;
PL;Essence;avant Euro 1;UPM1.0;Ville;0.008;
PL;Diesel;avant Euro 1;NOx;Ville;17.468;
VP;Diesel;avant Euro 1;UPM1.0;Ville;0.002;
2R;Essence;avant Euro 1;NH3;Route;0.001;
VUL;Essence;avant Euro 1;CH4;Ville;0.16519;
PL;Diesel;avant Euro 1;N2O;Route;0.03;
VP;Diesel;avant Euro 1;UPM2.5;Route;0.012;
VUL;Diesel;avant Euro 1;CO2;Route;174.88987;
VP;Essence;avant Euro 1;UPM1.0;Route;0.001;
VP;Essence;avant Euro 1;NOx;Ville;1.7193;
VUL;Essence;avant Euro 1;UPM1.0;Ville;0.003;
2R;Essence;avant Euro 1;NOx;Ville;0.122;
PL;Essence;avant Euro 1;UPM10;Route;0.094;
PL;Diesel;avant Euro 1;CO;Ville;6.64;
VP;Essence;avant Euro 1;UPM10;Route;0.021;
Bus;Diesel;avant Euro 1;SO2;Route;0.02129;
PL;Diesel;avant Euro 1;UPM1.0;Ville;0.006;
2R;Essence;avant Euro 1;PM10;Ville;0.113;
VUL;Diesel;avant Euro 1;CO;Ville;1.235;
VP;Diesel;avant Euro 1;COVNM;Route;0.069;
VP;Essence;avant Euro 1;NOx;Route;2.3442;
VP;Essence;avant Euro 1;COVNM;Route;0.754;
VUL;Diesel;avant Euro 1;CO2;Ville;260.61242;
PL;Diesel;avant Euro 1;NH3;Route;0.003;
Bus;Diesel;avant Euro 1;PM1.0;Ville;0.71521;
VP;Diesel;avant Euro 1;UPM1.0;Route;0.001;
2R;Essence;avant Euro 1;UPM1.0;Ville;0.001;
VP;Essence;avant Euro 1;UPM10;Ville;0.029;
BUS;Diesel;avant Euro 1;UPM1.0;Route;0.006;
2R;Essence;avant Euro 1;UPM10;Ville;0.013;
VUL;Diesel;avant Euro 1;SO2;Ville;0.00821;
PL;Diesel;avant Euro 1;CH4;Route;0.08;
VP;Essence;avant Euro 1;PM1.0;Ville;0.00182;
BUS;Diesel;avant Euro 1;UTSP;Ville;0.173;
VUL;Essence;avant Euro 1;NOx;Ville;2.43659;
PL;Essence;avant Euro 1;CH4;Route;0.11;
VP;Essence;avant Euro 1;CO2;Ville;248.92435;
Bus;Diesel;avant Euro 1;CH4;Route;0.08;
PL;Essence;avant Euro 1;NH3;Route;0.002;
PL;Diesel;avant Euro 1;CO;Route;3.252;
VP;Essence;avant Euro 1;UTSP;Ville;0.042;
Bus;Diesel;avant Euro 1;PM2.5;Ville;0.77411;
PL;Essence;avant Euro 1;COVNM;Ville;6.214;
VUL;Diesel;avant Euro 1;CH4;Route;0.012;
VP;Essence;avant Euro 1;N2O;Ville;0.00995;
2R;Essence;avant Euro 1;UTSP;Route;0.006;
BUS;Diesel;avant Euro 1;UTSP;Route;0.149;
BUS;Diesel;avant Euro 1;COVNM;Ville;1.667;
BUS;Diesel;avant Euro 1;COVNM;Route;0.528;
VP;Diesel;avant Euro 1;NH3;Ville;0;
VUL;Essence;avant Euro 1;PM1.0;Route;0.0023;
VUL;Essence;avant Euro 1;ECOVNM;Ville;66.038;
PL;Diesel;avant Euro 1;UTSP;Route;0.121;
PL;Essence;avant Euro 1;UPM1.0;Route;0.006;
VP;Diesel;avant Euro 1;PM10;Ville;0.20861;
Bus;Diesel;avant Euro 1;PM10;Ville;0.77411;
VUL;Diesel;avant Euro 1;CH4;Ville;0.02488;
VUL;Diesel;avant Euro 1;PM2.5;Route;0.26384;
2R;Essence;avant Euro 1;N2O;Route;0.00149;
VUL;Essence;avant Euro 1;CO2;Route;153.4441;
Bus;Diesel;avant Euro 1;NOx;Ville;16.60247;
VP;Diesel;avant Euro 1;CO;Ville;0.764;
VP;Diesel;avant Euro 1;UPM2.5;Ville;0.015;
Bus;Diesel;avant Euro 1;CO2;Ville;1388.77224;
2R;Essence;avant Euro 1;NH3;Ville;0.001;
VP;Essence;avant Euro 1;ECOVNM;Ville;4.392;
2R;Essence;avant Euro 1;UTSP;Ville;0.019;
BUS;Diesel;avant Euro 1;CO;Route;2.104;
VUL;Essence;avant Euro 1;SO2;Ville;0.00953;
VUL;Diesel;avant Euro 1;UPM2.5;Ville;0.022;
VP;Essence;avant Euro 1;ECOVNM;Route;1.647;
Bus;Diesel;avant Euro 1;SO2;Ville;0.04375;
PL;Diesel;avant Euro 1;PM1.0;Ville;0.785;
VP;Essence;avant Euro 1;UTSP;Route;0.033;
VUL;Diesel;avant Euro 1;UTSP;Route;0.044;
PL;Diesel;avant Euro 1;UPM2.5;Ville;0.046;
VUL;Diesel;avant Euro 1;COVNM;Route;0.085;
VUL;Diesel;avant Euro 1;PM10;Route;0.26384;
VUL;Diesel;avant Euro 1;NH3;Route;0.001;
2R;Essence;avant Euro 1;ECOVNM;Route;0.126;
PL;Diesel;avant Euro 1;NH3;Ville;0.003;
VP;Diesel;avant Euro 1;NOx;Route;0.44488;
2R;Essence;avant Euro 1;CH4;Ville;0.211;
VUL;Essence;avant Euro 1;NH3;Ville;0.002;
Bus;Diesel;avant Euro 1;PM1.0;Route;0.28331;
VUL;Essence;avant Euro 1;CO2;Ville;303.78125;
VUL;Essence;avant Euro 1;NOx;Route;3.13607;
PL;Essence;avant Euro 1;UPM2.5;Ville;0.058;
VP;Essence;avant Euro 1;CH4;Route;0.086;
VP;Diesel;avant Euro 1;PM1.0;Route;0.10434;
VUL;Essence;avant Euro 1;SO2;Route;0.00481;
VP;Essence;avant Euro 1;SO2;Route;0.00494;
BUS;Diesel;avant Euro 1;UPM2.5;Route;0.05;
VP;Diesel;avant Euro 1;UTSP;Ville;0.042;
VUL;Diesel;avant Euro 1;UPM2.5;Route;0.016;
Bus;Diesel;avant Euro 1;CH4;Ville;0.175;
VP;Essence;avant Euro 1;CO;Route;4.553;
PL;Essence;avant Euro 1;CO;Ville;6.155;
PL;Diesel;avant Euro 1;UTSP;Ville;0.139;
2R;Essence;avant Euro 1;ECOVNM;Ville;0.711;
VUL;Diesel;avant Euro 1;NOx;Route;0.81011;
PL;Diesel;avant Euro 1;PM2.5;Ville;0.849;
VP;Diesel;avant Euro 1;PM2.5;Route;0.11293;
2R;Essence;avant Euro 1;COVNM;Ville;5.949;
VP;Diesel;avant Euro 1;CO2;Route;110.25105;
PL;Diesel;avant Euro 1;UPM10;Route;0.078;
VUL;Essence;avant Euro 1;PM2.5;Ville;0.00282;
2R;Essence;avant Euro 1;PM1.0;Route;0.0854;
PL;Diesel;avant Euro 1;N2O;Ville;0.03;
PL;Essence;avant Euro 1;PM1.0;Route;0.00367;
2R;Essence;avant Euro 1;PM10;Route;0.113;
2R;Essence;avant Euro 1;PM2.5;Route;0.113;
VUL;Essence;avant Euro 1;NH3;Route;0.002;
VP;Diesel;avant Euro 1;CO2;Ville;207.80807;
2R;Essence;avant Euro 1;ECOVNM;Ville;0.711;
PL;Essence;avant Euro 1;CO2;Route;436;
PL;Essence;avant Euro 1;NOx;Route;4.331;
PL;Essence;avant Euro 1;PM2.5;Route;0.00492;
PL;Diesel;avant Euro 1;PM1.0;Route;0.353;
VUL;Diesel;avant Euro 1;UPM1.0;Route;0.002;
VP;Diesel;avant Euro 1;COVNM;Ville;0.155;
VUL;Essence;avant Euro 1;UPM10;Route;0.028;
VUL;Essence;avant Euro 1;ECOVNM;Route;24.764;
PL;Diesel;avant Euro 1;CO2;Ville;1404;
PL;Essence;avant Euro 1;UTSP;Ville;0.17;
VUL;Essence;avant Euro 1;UTSP;Route;0.044;
2R;Essence;avant Euro 1;PM1.0;Ville;0.0853;
VUL;Essence;avant Euro 1;ECOVNM;Route;24.764;
VP;Essence;avant Euro 1;SO2;Ville;0.00781;
VUL;Essence;avant Euro 1;UPM1.0;Route;0.002;
BUS;Diesel;avant Euro 1;UPM2.5;Ville;0.06;
VUL;Diesel;avant Euro 1;SO2;Route;0.00551;
VUL;Diesel;avant Euro 1;CO;Route;0.931;
BUS;Diesel;avant Euro 1;CO;Ville;5.302;
VUL;Essence;avant Euro 1;PM2.5;Route;0.00309;
Bus;Diesel;avant Euro 1;N2O;Ville;0.03;
PL;Diesel;avant Euro 1;COVNM;Ville;2.914;
PL;Diesel;avant Euro 1;UPM2.5;Route;0.038;
PL;Essence;avant Euro 1;N2O;Ville;0.006;
PL;Essence;avant Euro 1;CO2;Ville;635;
VUL;Diesel;avant Euro 1;NOx;Ville;2.32361;
VP;Essence;avant Euro 1;N2O;Route;0.006;
BUS;Diesel;avant Euro 1;NH3;Route;0.002;
PL;Diesel;avant Euro 1;PM10;Ville;0.849;
VUL;Essence;avant Euro 1;N2O;Ville;0.00995;
2R;Essence;avant Euro 1;UPM10;Route;0.001;
VUL;Diesel;avant Euro 1;PM2.5;Ville;0.24084;
VP;Essence;avant Euro 1;CO2;Route;157.59082;
VUL;Essence;avant Euro 1;ECOVNM;Ville;66.038;
VUL;Diesel;avant Euro 1;NH3;Ville;0;
2R;Essence;avant Euro 1;CH4;Route;0.211;
Bus;Diesel;avant Euro 1;N2O;Route;0.03;
VP;Diesel;avant Euro 1;UPM10;Route;0.021;
VP;Diesel;avant Euro 1;NOx;Ville;0.60383;
VUL;Diesel;avant Euro 1;UPM1.0;Ville;0.003;
PL;Essence;avant Euro 1;CO;Route;3.123;
VP;Essence;avant Euro 1;PM2.5;Route;0.00132;
PL;Essence;avant Euro 1;UPM10;Ville;0.115;
VP;Essence;avant Euro 1;NH3;Ville;0.002;
VUL;Essence;avant Euro 1;PM10;Route;0.00309;
Bus;Diesel;avant Euro 1;NOx;Route;8.82685;
PL;Essence;avant Euro 1;NH3;Ville;0.002;
2R;Essence;avant Euro 1;N2O;Ville;0.00149;
PL;Essence;avant Euro 1;PM10;Ville;0.0109;
PL;Essence;avant Euro 1;UTSP;Route;0.147;
VP;Diesel;avant Euro 1;PM1.0;Ville;0.19273;
VUL;Diesel;avant Euro 1;UPM10;Route;0.028;
VP;Essence;avant Euro 1;CO;Ville;13.414;
VP;Essence;avant Euro 1;COVNM;Ville;1.808;
PL;Essence;avant Euro 1;NOx;Ville;5.386;
VP;Essence;avant Euro 1;PM2.5;Ville;0.00244;
2R;Essence;avant Euro 1;ECOVNM;Route;0.129;
PL;Essence;avant Euro 1;PM2.5;Ville;0.0109;
PL;Diesel;avant Euro 1;UPM10;Ville;0.096;
VUL;Essence;avant Euro 1;CO;Route;5.35;
VUL;Essence;avant Euro 1;CH4;Route;0.086;
VP;Essence;avant Euro 1;PM1.0;Route;0.00099;
2R;Essence;avant Euro 1;CO2;Route;96.1;
VUL;Essence;avant Euro 1;N2O;Route;0.01;
VP;Diesel;avant Euro 1;PM2.5;Ville;0.20861;
BUS;Diesel;avant Euro 1;NH3;Ville;0.003;
2R;Essence;avant Euro 1;UPM1.0;Route;0.131;
BUS;Diesel;avant Euro 1;UPM1.0;Ville;0.008;
PL;Diesel;avant Euro 1;PM10;Route;0.382;
VUL;Diesel;avant Euro 1;PM1.0;Route;0.24377;
VP;Diesel;avant Euro 1;CH4;Ville;0.02488;
2R;Essence;avant Euro 1;UPM2.5;Ville;0.007;
VUL;Diesel;Euro 1;SO2;Route;0.00546;
2R;Essence;Euro 1;PM2.5;Ville;0.03299;
PL;Diesel;Euro 1;PM2.5;Route;0.20331;
VP;Essence;Euro 1;UPM10;Route;0.021;
PL;Diesel;Euro 1;CO2;Ville;959.7787;
PL;Essence;Euro 1;UPM2.5;Ville;0.058;
2R;Essence;Euro 1;ECOVNM;Ville;0.615;
VUL;Essence;Euro 1;UPM10;Ville;0.041;
PL;Diesel;Euro 1;SO2;Route;0.01838;
PL;Essence;Euro 1;PM2.5;Ville;0.0109;
VUL;Essence;Euro 1;UPM2.5;Ville;0.022;
PL;Essence;Euro 1;NOx;Route;5.917;
VP;Essence;Euro 1;CH4;Route;0.016;
PL;Diesel;Euro 1;UPM10;Route;0.085;
VUL;Diesel;Euro 1;N2O;Route;0.004;
VUL;Diesel;Euro 1;UPM10;Ville;0.041;
VUL;Essence;Euro 1;UPM10;Route;0.028;
VUL;Diesel;Euro 1;CO;Route;0.32;
VP;Diesel;Euro 1;UPM1.0;Ville;0.002;
VP;Essence;Euro 1;ECOVNM;Ville;0.285;
BUS;Diesel;Euro 1;NH3;Route;0.002;
VUL;Diesel;Euro 1;PM10;Ville;0.07445;
BUS;Diesel;Euro 1;UTSP;Ville;0.171;
BUS;Diesel;Euro 1;UPM2.5;Route;0.05;
2R;Essence;Euro 1;PM10;Ville;0.03299;
PL;Diesel;Euro 1;N2O;Route;0.00739;
VUL;Diesel;Euro 1;CO2;Ville;265.08217;
Bus;Diesel;Euro 1;PM2.5;Ville;0.50703;
VP;Diesel;Euro 1;UTSP;Ville;0.042;
BUS;Diesel;Euro 1;UPM1.0;Ville;0.008;
VP;Essence;Euro 1;UPM2.5;Route;0.012;
2R;Essence;Euro 1;UTSP;Route;0.014;
VUL;Diesel;Euro 1;SO2;Ville;0.00835;
PL;Essence;Euro 1;COVNM;Route;2.386;
VUL;Essence;Euro 1;NH3;Route;0.133;
VP;Essence;Euro 1;ECOVNM;Ville;0.285;
PL;Diesel;Euro 1;UPM1.0;Route;0.005;
Bus;Diesel;Euro 1;PM1.0;Route;0.19561;
VUL;Essence;Euro 1;UPM2.5;Route;0.016;
2R;Essence;Euro 1;COVNM;Route;2.085;
Bus;Diesel;Euro 1;N2O;Ville;0.01135;
PL;Essence;Euro 1;PM10;Ville;0.0109;
2R;Essence;Euro 1;UPM10;Route;0.009;
2R;Essence;Euro 1;UPM1.0;Route;0.016;
PL;Essence;Euro 1;CO;Ville;6.155;
VP;Diesel;Euro 1;NOx;Route;0.56989;
PL;Diesel;Euro 1;UTSP;Ville;0.153;
PL;Essence;Euro 1;NH3;Route;0.002;
VP;Essence;Euro 1;N2O;Ville;0.0385;
VP;Essence;Euro 1;UTSP;Ville;0.042;
VP;Diesel;Euro 1;CH4;Route;0.009;
VP;Essence;Euro 1;UTSP;Route;0.033;
VP;Essence;Euro 1;PM2.5;Ville;0.00322;
VUL;Essence;Euro 1;N2O;Route;0.0251;
VUL;Essence;Euro 1;PM1.0;Ville;0.0024;
PL;Essence;Euro 1;UTSP;Ville;0.17;
2R;Essence;Euro 1;NH3;Ville;0.002;
VUL;Diesel;Euro 1;PM10;Route;0.06129;
VUL;Diesel;Euro 1;NOx;Ville;1.30574;
VP;Essence;Euro 1;COVNM;Ville;0.4;
VUL;Essence;Euro 1;N2O;Ville;0.04425;
PL;Essence;Euro 1;PM2.5;Route;0.203;
VP;Essence;Euro 1;NH3;Ville;0.064;
VP;Diesel;Euro 1;COVNM;Route;0.023;
VUL;Essence;Euro 1;UTSP;Route;0.044;
Bus;Diesel;Euro 1;CH4;Route;0.08;
VP;Diesel;Euro 1;CO2;Ville;215.32014;
PL;Essence;Euro 1;NH3;Ville;0.002;
2R;Essence;Euro 1;NOx;Route;0.33342;
PL;Essence;Euro 1;UTSP;Route;0.147;
VP;Diesel;Euro 1;UPM10;Ville;0.029;
2R;Essence;Euro 1;PM1.0;Route;0.02467;
PL;Diesel;Euro 1;PM2.5;Ville;0.44771;
VUL;Diesel;Euro 1;NH3;Route;0.001;
VP;Diesel;Euro 1;PM2.5;Route;0.05266;
PL;Essence;Euro 1;CH4;Route;0.0523;
VUL;Essence;Euro 1;COVNM;Ville;0.438;
Bus;Diesel;Euro 1;NOx;Route;5.8785;
2R;Essence;Euro 1;UPM1.0;Ville;0.001;
VP;Diesel;Euro 1;CO;Route;0.196;
PL;Diesel;Euro 1;CO;Route;1.368;
VUL;Essence;Euro 1;PM10;Ville;0.00322;
VP;Diesel;Euro 1;UPM1.0;Route;0.001;
Bus;Diesel;Euro 1;PM10;Route;0.21172;
VP;Diesel;Euro 1;UPM2.5;Route;0.012;
VUL;Essence;Euro 1;PM10;Route;0.00184;
PL;Essence;Euro 1;CH4;Ville;0.14;
VUL;Diesel;Euro 1;CH4;Route;0.009;
VP;Diesel;Euro 1;PM10;Ville;0.05505;
VP;Diesel;Euro 1;N2O;Ville;0.001;
VP;Essence;Euro 1;ECOVNM;Route;0.107;
VUL;Essence;Euro 1;UTSP;Ville;0.058;
2R;Essence;Euro 1;ECOVNM;Route;0.231;
VUL;Essence;Euro 1;UPM1.0;Route;0.002;
VUL;Diesel;Euro 1;PM2.5;Route;0.06129;
VUL;Diesel;Euro 1;COVNM;Route;0.088;
VP;Diesel;Euro 1;SO2;Ville;0.00678;
VP;Diesel;Euro 1;CO2;Route;149.56623;
PL;Essence;Euro 1;PM1.0;Route;0.188;
2R;Essence;Euro 1;NH3;Route;0.002;
VUL;Essence;Euro 1;UPM1.0;Ville;0.003;
Bus;Diesel;Euro 1;SO2;Ville;0.03698;
PL;Diesel;Euro 1;COVNM;Route;0.373;
PL;Diesel;Euro 1;CO2;Route;583.59201;
PL;Essence;Euro 1;CO2;Ville;635;
BUS;Diesel;Euro 1;COVNM;Ville;1.011;
PL;Essence;Euro 1;CO;Route;3.123;
2R;Essence;Euro 1;UTSP;Ville;0.019;
VUL;Essence;Euro 1;PM1.0;Route;0.00137;
VP;Essence;Euro 1;UPM10;Ville;0.029;
BUS;Diesel;Euro 1;UTSP;Route;0.148;
PL;Diesel;Euro 1;CH4;Route;0.05233;
VP;Essence;Euro 1;UPM1.0;Ville;0.002;
VP;Essence;Euro 1;PM1.0;Ville;0.0024;
VP;Diesel;Euro 1;NOx;Ville;0.6977;
PL;Diesel;Euro 1;CO;Ville;2.544;
PL;Essence;Euro 1;CO2;Route;584;
2R;Essence;Euro 1;UPM10;Ville;0.013;
VUL;Diesel;Euro 1;N2O;Ville;0.001;
2R;Essence;Euro 1;CO2;Route;105.77192;
VUL;Diesel;Euro 1;UPM2.5;Route;0.016;
BUS;Diesel;Euro 1;CO;Ville;3.263;
BUS;Diesel;Euro 1;UPM2.5;Ville;0.059;
PL;Essence;Euro 1;COVNM;Ville;6.214;
Bus;Diesel;Euro 1;SO2;Route;0.01844;
PL;Diesel;Euro 1;PM10;Ville;0.44771;
VP;Essence;Euro 1;NOx;Ville;0.55371;
VP;Diesel;Euro 1;PM10;Route;0.05266;
PL;Essence;Euro 1;UPM10;Ville;0.115;
VUL;Essence;Euro 1;SO2;Ville;0.00898;
VP;Essence;Euro 1;UPM1.0;Route;0.001;
VP;Diesel;Euro 1;CO;Ville;0.528;
PL;Diesel;Euro 1;UPM10;Ville;0.104;
PL;Essence;Euro 1;UPM2.5;Route;0.049;
VP;Essence;Euro 1;PM10;Route;0.00184;
VUL;Diesel;Euro 1;COVNM;Ville;0.124;
BUS;Diesel;Euro 1;COVNM;Route;0.356;
VUL;Essence;Euro 1;ECOVNM;Ville;1.394;
VP;Essence;Euro 1;PM2.5;Route;0.00184;
Bus;Diesel;Euro 1;PM1.0;Ville;0.46845;
VUL;Essence;Euro 1;NOx;Route;0.39688;
VP;Essence;Euro 1;CO2;Ville;245.82772;
VP;Essence;Euro 1;NOx;Route;0.27705;
VUL;Diesel;Euro 1;UPM1.0;Ville;0.003;
2R;Essence;Euro 1;N2O;Ville;0.002;
PL;Diesel;Euro 1;SO2;Ville;0.03023;
VUL;Essence;Euro 1;ECOVNM;Route;0.523;
PL;Diesel;Euro 1;UPM2.5;Route;0.043;
VP;Diesel;Euro 1;COVNM;Ville;0.053;
PL;Essence;Euro 1;N2O;Ville;0.006;
2R;Essence;Euro 1;COVNM;Ville;2.629;
PL;Diesel;Euro 1;PM1.0;Route;0.18784;
VP;Essence;Euro 1;N2O;Route;0.02814;
VUL;Diesel;Euro 1;UPM10;Route;0.028;
VUL;Diesel;Euro 1;CO;Ville;0.495;
BUS;Diesel;Euro 1;CO;Route;1.375;
VUL;Essence;Euro 1;CH4;Route;0.016;
VP;Diesel;Euro 1;PM1.0;Route;0.04865;
VP;Essence;Euro 1;NH3;Route;0.133;
VP;Essence;Euro 1;CO2;Route;154.1545;
VP;Diesel;Euro 1;PM1.0;Ville;0.05086;
Bus;Diesel;Euro 1;PM2.5;Route;0.21172;
PL;Diesel;Euro 1;UTSP;Route;0.132;
VUL;Diesel;Euro 1;UPM2.5;Ville;0.022;
PL;Essence;Euro 1;NOx;Ville;5.386;
PL;Essence;Euro 1;PM10;Route;0.203;
VP;Diesel;Euro 1;UTSP;Route;0.033;
VUL;Diesel;Euro 1;PM1.0;Route;0.05663;
2R;Essence;Euro 1;SO2;Ville;0.00371;
VP;Essence;Euro 1;COVNM;Route;0.096;
VUL;Diesel;Euro 1;NOx;Route;0.99276;
VUL;Essence;Euro 1;ECOVNM;Route;0.523;
2R;Essence;Euro 1;NOx;Ville;0.22195;
VUL;Diesel;Euro 1;UPM1.0;Route;0.002;
VP;Essence;Euro 1;PM1.0;Route;0.00137;
2R;Essence;Euro 1;CH4;Route;0.12691;
PL;Diesel;Euro 1;PM10;Route;0.20331;
VP;Essence;Euro 1;ECOVNM;Route;0.107;
VUL;Essence;Euro 1;SO2;Route;0.00454;
PL;Essence;Euro 1;UPM1.0;Route;0.006;
VP;Essence;Euro 1;CH4;Ville;0.03533;
BUS;Diesel;Euro 1;UPM1.0;Route;0.006;
PL;Diesel;Euro 1;UPM1.0;Ville;0.007;
VUL;Diesel;Euro 1;CO2;Route;173.49429;
VP;Diesel;Euro 1;NH3;Route;0.001;
PL;Essence;Euro 1;N2O;Route;0.00739;
PL;Diesel;Euro 1;PM1.0;Ville;0.41364;
VP;Diesel;Euro 1;N2O;Route;0.004;
2R;Essence;Euro 1;CO2;Ville;118.28763;
2R;Essence;Euro 1;UPM2.5;Ville;0.007;
VUL;Essence;Euro 1;CH4;Ville;0.03533;
PL;Diesel;Euro 1;NOx;Ville;9.05724;
Bus;Diesel;Euro 1;CH4;Ville;0.175;
VUL;Essence;Euro 1;CO2;Route;144.80289;
2R;Essence;Euro 1;UPM2.5;Route;0.005;
VUL;Diesel;Euro 1;PM2.5;Ville;0.07445;
PL;Essence;Euro 1;UPM1.0;Ville;0.008;
VUL;Essence;Euro 1;NH3;Ville;0.062;
VUL;Essence;Euro 1;CO;Ville;6.779;
2R;Essence;Euro 1;CH4;Ville;0.11969;
Bus;Diesel;Euro 1;N2O;Route;0.01004;
PL;Diesel;Euro 1;UPM2.5;Ville;0.051;
BUS;Diesel;Euro 1;UPM10;Ville;0.116;
VUL;Diesel;Euro 1;UTSP;Ville;0.058;
Bus;Diesel;Euro 1;PM10;Ville;0.50703;
VUL;Diesel;Euro 1;CH4;Ville;0.01443;
VP;Diesel;Euro 1;SO2;Route;0.00471;
VP;Essence;Euro 1;CO;Ville;2.359;
BUS;Diesel;Euro 1;NH3;Ville;0.003;
VP;Diesel;Euro 1;NH3;Ville;0;
VP;Essence;Euro 1;PM10;Ville;0.00322;
VP;Diesel;Euro 1;PM2.5;Ville;0.05505;
PL;Diesel;Euro 1;N2O;Ville;0.00899;
PL;Diesel;Euro 1;CH4;Ville;0.13131;
2R;Essence;Euro 1;PM10;Route;0.033;
VP;Diesel;Euro 1;UPM2.5;Ville;0.015;
VUL;Essence;Euro 1;CO2;Ville;286.45749;
2R;Essence;Euro 1;SO2;Route;0.00332;
BUS;Diesel;Euro 1;UPM10;Route;0.095;
VP;Diesel;Euro 1;UPM10;Route;0.021;
VP;Diesel;Euro 1;CH4;Ville;0.01443;
VUL;Diesel;Euro 1;NH3;Ville;0;
VUL;Essence;Euro 1;CO;Route;0.675;
Bus;Diesel;Euro 1;CO2;Route;585.45002;
VP;Essence;Euro 1;SO2;Route;0.00483;
PL;Diesel;Euro 1;NH3;Ville;0.003;
Bus;Diesel;Euro 1;CO2;Ville;1174.04354;
VUL;Essence;Euro 1;NOx;Ville;0.7401;
VP;Essence;Euro 1;CO;Route;1.231;
VUL;Diesel;Euro 1;UTSP;Route;0.044;
PL;Essence;Euro 1;UPM10;Route;0.094;
2R;Essence;Euro 1;ECOVNM;Route;0.231;
PL;Diesel;Euro 1;NH3;Route;0.003;
VUL;Essence;Euro 1;ECOVNM;Ville;1.394;
2R;Essence;Euro 1;N2O;Route;0.002;
2R;Essence;Euro 1;PM1.0;Ville;0.02466;
PL;Diesel;Euro 1;NOx;Route;5.91702;
VUL;Essence;Euro 1;COVNM;Route;0.073;
2R;Essence;Euro 1;ECOVNM;Ville;0.615;
PL;Essence;Euro 1;PM1.0;Ville;0.00815;
VP;Essence;Euro 1;UPM2.5;Ville;0.015;
Bus;Diesel;Euro 1;NOx;Ville;11.6587;
VUL;Diesel;Euro 1;PM1.0;Ville;0.06878;
VUL;Essence;Euro 1;PM2.5;Route;0.00184;
VUL;Essence;Euro 1;PM2.5;Ville;0.00322;
2R;Essence;Euro 1;PM2.5;Route;0.033;
PL;Diesel;Euro 1;COVNM;Ville;0.874;
VP;Essence;Euro 1;SO2;Ville;0.00771;
VP;Essence;Euro 2;PM10;Ville;0.00322;
PL;Diesel;Euro 2;PM1.0;Route;0.10485;
VP;Essence;Euro 2;PM1.0;Ville;0.0024;
Bus;Diesel;Euro 2;PM2.5;Ville;0.22592;
VP;Essence;Euro 2;CH4;Route;0.013;
VUL;Diesel;Euro 2;UPM2.5;Route;0.016;
VUL;Diesel;Euro 2;SO2;Route;0.00546;
2R;Essence;Euro 2;N2O;Route;0.00116;
VP;Essence;Euro 2;ECOVNM;Route;0.084;
VP;Essence;Euro 2;CO;Ville;0.992;
VP;Diesel;Euro 2;UPM1.0;Route;0.001;
VUL;Diesel;Euro 2;N2O;Ville;0.00348;
VUL;Diesel;Euro 2;CO;Ville;0.495;
VUL;Essence;Euro 2;SO2;Ville;0.00866;
VP;Diesel;Euro 2;UPM2.5;Ville;0.015;
2R;Essence;Euro 2;UTSP;Ville;0.019;
PL;Essence;Euro 2;NH3;Route;0.002;
VUL;Diesel;Euro 2;CO2;Route;173.49429;
2R;Essence;Euro 2;UPM10;Route;0.011;
PL;Essence;Euro 2;PM2.5;Ville;0.01091;
Bus;Diesel;Euro 2;N2O;Ville;0.01135;
VUL;Diesel;Euro 2;PM10;Ville;0.07445;
VUL;Essence;Euro 2;CO2;Route;139.35216;
PL;Diesel;Euro 2;CO;Route;1.293;
Bus;Diesel;Euro 2;SO2;Route;0.01853;
VP;Diesel;Euro 2;NOx;Ville;0.7678;
VUL;Diesel;Euro 2;UTSP;Route;0.044;
VUL;Diesel;Euro 2;UPM2.5;Ville;0.022;
VUL;Essence;Euro 2;CO;Route;0.412;
PL;Diesel;Euro 2;UTSP;Ville;0.15;
VP;Diesel;Euro 2;COVNM;Route;0.022;
Bus;Diesel;Euro 2;PM1.0;Route;0.1094;
VP;Diesel;Euro 2;CH4;Ville;0.00647;
PL;Essence;Euro 2;UPM2.5;Ville;0.058;
VUL;Essence;Euro 2;PM10;Ville;0.00322;
VP;Diesel;Euro 2;UTSP;Ville;0.042;
VUL;Diesel;Euro 2;UPM1.0;Ville;0.003;
VUL;Diesel;Euro 2;UTSP;Ville;0.058;
VP;Essence;Euro 2;SO2;Route;0.00453;
2R;Essence;Euro 2;COVNM;Ville;1.951;
VP;Diesel;Euro 2;PM1.0;Route;0.03089;
VP;Diesel;Euro 2;UPM1.0;Ville;0.002;
PL;Diesel;Euro 2;COVNM;Ville;0.648;
2R;Essence;Euro 2;PM10;Ville;0.02472;
VP;Diesel;Euro 2;PM10;Ville;0.04574;
Bus;Diesel;Euro 2;N2O;Route;0.01005;
VUL;Essence;Euro 2;COVNM;Route;0.008;
2R;Essence;Euro 2;NH3;Ville;0.001;
2R;Essence;Euro 2;PM2.5;Ville;0.02472;
PL;Essence;Euro 2;NOx;Route;4.33116;
VP;Diesel;Euro 2;UPM2.5;Route;0.012;
PL;Diesel;Euro 2;CO2;Ville;981.10728;
BUS;Diesel;Euro 2;UTSP;Route;0.148;
PL;Diesel;Euro 2;SO2;Route;0.01904;
VUL;Diesel;Euro 2;COVNM;Route;0.094;
PL;Essence;Euro 2;UPM2.5;Route;0.049;
PL;Essence;Euro 2;UTSP;Route;0.147;
VUL;Diesel;Euro 2;PM1.0;Route;0.05663;
VP;Diesel;Euro 2;N2O;Route;0.006;
VP;Diesel;Euro 2;SO2;Ville;0.00697;
2R;Essence;Euro 2;NOx;Ville;0.17377;
PL;Essence;Euro 2;CH4;Ville;0.14;
BUS;Diesel;Euro 2;UPM10;Ville;0.116;
2R;Essence;Euro 2;PM1.0;Ville;0.01859;
Bus;Diesel;Euro 2;CO2;Ville;1139.71234;
VP;Essence;Euro 2;PM2.5;Ville;0.00322;
2R;Essence;Euro 2;UPM1.0;Route;0.001;
PL;Essence;Euro 2;PM10;Ville;0.01091;
VP;Diesel;Euro 2;PM2.5;Ville;0.04574;
VP;Diesel;Euro 2;COVNM;Ville;0.047;
VP;Diesel;Euro 2;PM10;Route;0.03343;
PL;Diesel;Euro 2;NOx;Route;6.84139;
VP;Diesel;Euro 2;SO2;Route;0.00476;
2R;Essence;Euro 2;UTSP;Route;0.017;
VUL;Essence;Euro 2;CO2;Ville;276.2154;
2R;Essence;Euro 2;UPM1.0;Ville;0.001;
VUL;Essence;Euro 2;ECOVNM;Ville;0.433;
PL;Essence;Euro 2;NOx;Ville;5.38635;
VUL;Essence;Euro 2;PM1.0;Ville;0.0024;
PL;Diesel;Euro 2;NH3;Ville;0.003;
VP;Essence;Euro 2;ECOVNM;Route;0.084;
VUL;Essence;Euro 2;UTSP;Route;0.044;
VP;Essence;Euro 2;UPM2.5;Route;0.012;
Bus;Diesel;Euro 2;CH4;Ville;0.11375;
VP;Essence;Euro 2;UPM1.0;Ville;0.002;
VP;Essence;Euro 2;NH3;Route;0.15;
VUL;Diesel;Euro 2;PM1.0;Ville;0.06878;
VUL;Diesel;Euro 2;CH4;Route;0.003;
PL;Essence;Euro 2;CO;Ville;6.155;
2R;Essence;Euro 2;SO2;Route;0.0022;
VUL;Diesel;Euro 2;SO2;Ville;0.00835;
VUL;Essence;Euro 2;UPM2.5;Ville;0.022;
Bus;Diesel;Euro 2;PM10;Ville;0.22592;
VP;Essence;Euro 2;PM10;Route;0.00184;
Bus;Diesel;Euro 2;NOx;Ville;13.05502;
BUS;Diesel;Euro 2;NH3;Ville;0.003;
PL;Essence;Euro 2;COVNM;Ville;6.214;
PL;Diesel;Euro 2;UPM2.5;Route;0.042;
PL;Diesel;Euro 2;COVNM;Route;0.253;
VUL;Essence;Euro 2;PM2.5;Route;0.00184;
PL;Essence;Euro 2;CO2;Route;409.73959;
2R;Essence;Euro 2;SO2;Ville;0.00225;
BUS;Diesel;Euro 2;UPM1.0;Route;0.006;
VP;Diesel;Euro 2;PM1.0;Ville;0.04226;
2R;Essence;Euro 2;N2O;Ville;0.00116;
VUL;Diesel;Euro 2;NH3;Route;0.001;
PL;Diesel;Euro 2;N2O;Ville;0.00932;
VP;Essence;Euro 2;CO;Route;0.516;
VUL;Diesel;Euro 2;PM10;Route;0.06129;
VUL;Diesel;Euro 2;COVNM;Ville;0.132;
VUL;Essence;Euro 2;PM10;Route;0.00184;
VUL;Diesel;Euro 2;PM2.5;Route;0.06129;
PL;Essence;Euro 2;UPM10;Route;0.094;
VUL;Essence;Euro 2;ECOVNM;Ville;0.433;
VUL;Essence;Euro 2;PM2.5;Ville;0.00322;
PL;Diesel;Euro 2;NH3;Route;0.003;
BUS;Diesel;Euro 2;COVNM;Route;0.247;
VUL;Diesel;Euro 2;CO2;Ville;265.08217;
PL;Essence;Euro 2;COVNM;Route;2.386;
VUL;Essence;Euro 2;UTSP;Ville;0.058;
VUL;Essence;Euro 2;UPM10;Ville;0.041;
VUL;Diesel;Euro 2;UPM10;Ville;0.041;
BUS;Diesel;Euro 2;COVNM;Ville;0.711;
VUL;Essence;Euro 2;UPM1.0;Ville;0.003;
VUL;Essence;Euro 2;CO;Ville;4.209;
VP;Essence;Euro 2;ECOVNM;Ville;0.225;
BUS;Diesel;Euro 2;UPM10;Route;0.095;
VUL;Essence;Euro 2;UPM2.5;Route;0.016;
2R;Essence;Euro 2;CH4;Route;0.033;
BUS;Diesel;Euro 2;UPM2.5;Ville;0.059;
PL;Diesel;Euro 2;NOx;Ville;10.84522;
PL;Diesel;Euro 2;PM10;Route;0.11348;
VUL;Essence;Euro 2;PM1.0;Route;0.00137;
VUL;Essence;Euro 2;SO2;Route;0.00437;
VUL;Essence;Euro 2;UPM1.0;Route;0.002;
2R;Essence;Euro 2;ECOVNM;Ville;0.509;
VUL;Essence;Euro 2;NOx;Ville;0.3605;
VP;Diesel;Euro 2;UPM10;Route;0.021;
BUS;Diesel;Euro 2;NH3;Route;0.002;
PL;Diesel;Euro 2;N2O;Route;0.00792;
VP;Diesel;Euro 2;NH3;Ville;0;
VUL;Diesel;Euro 2;CO;Route;0.32;
VUL;Diesel;Euro 2;N2O;Route;0.006;
2R;Essence;Euro 2;CH4;Ville;0.03737;
2R;Essence;Euro 2;ECOVNM;Route;0.032;
VP;Essence;Euro 2;PM1.0;Route;0.00137;
VP;Diesel;Euro 2;N2O;Ville;0.00348;
PL;Diesel;Euro 2;UPM10;Ville;0.102;
VP;Diesel;Euro 2;PM2.5;Route;0.03343;
PL;Diesel;Euro 2;PM2.5;Route;0.11348;
2R;Essence;Euro 2;COVNM;Route;1.935;
VP;Essence;Euro 2;UPM2.5;Ville;0.015;
VP;Essence;Euro 2;UTSP;Route;0.033;
VP;Essence;Euro 2;CH4;Ville;0.05523;
VUL;Essence;Euro 2;UPM10;Route;0.028;
2R;Essence;Euro 2;UPM2.5;Route;0.006;
Bus;Diesel;Euro 2;PM2.5;Route;0.1184;
2R;Essence;Euro 2;PM1.0;Route;0.01859;
VP;Essence;Euro 2;ECOVNM;Ville;0.225;
VP;Essence;Euro 2;NH3;Ville;0.126;
PL;Diesel;Euro 2;PM1.0;Ville;0.18183;
2R;Essence;Euro 2;CO2;Route;69.90648;
VUL;Diesel;Euro 2;NH3;Ville;0;
VP;Essence;Euro 2;NOx;Route;0.14917;
PL;Diesel;Euro 2;UPM2.5;Ville;0.05;
VP;Diesel;Euro 2;CO2;Ville;221.23291;
PL;Essence;Euro 2;N2O;Ville;0.006;
PL;Diesel;Euro 2;PM10;Ville;0.19681;
VP;Essence;Euro 2;UPM10;Route;0.021;
VP;Essence;Euro 2;CO2;Ville;238.85212;
Bus;Diesel;Euro 2;SO2;Ville;0.0359;
PL;Essence;Euro 2;NH3;Ville;0.002;
2R;Essence;Euro 2;UPM2.5;Ville;0.007;
BUS;Diesel;Euro 2;UTSP;Ville;0.171;
VUL;Essence;Euro 2;NH3;Ville;0.122;
2R;Essence;Euro 2;NOx;Route;0.18501;
VP;Essence;Euro 2;N2O;Ville;0.01945;
VP;Essence;Euro 2;UPM1.0;Route;0.001;
PL;Diesel;Euro 2;CH4;Ville;0.09021;
VP;Diesel;Euro 2;NH3;Route;0.001;
PL;Essence;Euro 2;UPM10;Ville;0.115;
VP;Essence;Euro 2;CO2;Route;144.58392;
VUL;Essence;Euro 2;ECOVNM;Route;0.162;
PL;Diesel;Euro 2;CO2;Route;604.53721;
PL;Essence;Euro 2;N2O;Route;0.006;
VUL;Diesel;Euro 2;NOx;Route;0.99276;
VUL;Essence;Euro 2;CH4;Route;0.013;
2R;Essence;Euro 2;PM10;Route;0.02472;
BUS;Diesel;Euro 2;UPM1.0;Ville;0.008;
PL;Diesel;Euro 2;UTSP;Route;0.13;
PL;Diesel;Euro 2;CO;Ville;2.141;
PL;Essence;Euro 2;PM2.5;Route;0.00492;
VUL;Essence;Euro 2;ECOVNM;Route;0.162;
PL;Essence;Euro 2;PM10;Route;0.00492;
VUL;Diesel;Euro 2;UPM10;Route;0.028;
PL;Essence;Euro 2;SO2;Route;0.01285;
VUL;Essence;Euro 2;N2O;Ville;0.057;
2R;Essence;Euro 2;PM2.5;Route;0.02472;
PL;Diesel;Euro 2;CH4;Route;0.05084;
VP;Diesel;Euro 2;UTSP;Route;0.033;
2R;Essence;Euro 2;CO2;Ville;71.52575;
VP;Diesel;Euro 2;CO;Ville;0.455;
VP;Diesel;Euro 2;UPM10;Ville;0.029;
PL;Essence;Euro 2;CO;Route;3.123;
Bus;Diesel;Euro 2;NOx;Route;6.44173;
VP;Essence;Euro 2;COVNM;Ville;0.159;
VP;Essence;Euro 2;NOx;Ville;0.35847;
PL;Diesel;Euro 2;UPM1.0;Route;0.005;
2R;Essence;Euro 2;ECOVNM;Ville;0.509;
VUL;Essence;Euro 2;CH4;Ville;0.05523;
VP;Diesel;Euro 2;NOx;Route;0.56261;
VUL;Diesel;Euro 2;CH4;Ville;0.00647;
2R;Essence;Euro 2;UPM10;Ville;0.013;
PL;Essence;Euro 2;PM1.0;Ville;0.00815;
PL;Diesel;Euro 2;PM2.5;Ville;0.19681;
VUL;Essence;Euro 2;COVNM;Ville;0.126;
VUL;Diesel;Euro 2;UPM1.0;Route;0.002;
Bus;Diesel;Euro 2;PM1.0;Ville;0.20873;
VUL;Essence;Euro 2;NOx;Route;0.13494;
PL;Essence;Euro 2;PM1.0;Route;0.00367;
VP;Diesel;Euro 2;CO2;Route;151.08095;
Bus;Diesel;Euro 2;CH4;Route;0.052;
Bus;Diesel;Euro 2;CO2;Route;588.20293;
2R;Essence;Euro 2;NH3;Route;0.001;
VP;Essence;Euro 2;UTSP;Ville;0.042;
VUL;Diesel;Euro 2;PM2.5;Ville;0.07445;
BUS;Diesel;Euro 2;CO;Ville;2.943;
VUL;Diesel;Euro 2;NOx;Ville;1.30574;
PL;Essence;Euro 2;CH4;Route;0.11;
PL;Essence;Euro 2;UPM1.0;Route;0.006;
VP;Essence;Euro 2;SO2;Ville;0.00749;
PL;Essence;Euro 2;UTSP;Ville;0.17;
PL;Diesel;Euro 2;UPM1.0;Ville;0.006;
BUS;Diesel;Euro 2;UPM2.5;Route;0.05;
VP;Essence;Euro 2;N2O;Route;0.0084;
VP;Essence;Euro 2;COVNM;Route;0.03;
PL;Essence;Euro 2;UPM1.0;Ville;0.008;
2R;Essence;Euro 2;ECOVNM;Route;0.032;
VUL;Essence;Euro 2;NH3;Route;0.15;
VP;Diesel;Euro 2;CH4;Route;0.003;
PL;Essence;Euro 2;SO2;Ville;0.01869;
VP;Diesel;Euro 2;CO;Route;0.102;
PL;Diesel;Euro 2;UPM10;Route;0.084;
Bus;Diesel;Euro 2;PM10;Route;0.1184;
PL;Essence;Euro 2;CO2;Ville;595.87314;
VUL;Essence;Euro 2;N2O;Route;0.01628;
VP;Essence;Euro 2;PM2.5;Route;0.00184;
PL;Diesel;Euro 2;SO2;Ville;0.0309;
BUS;Diesel;Euro 2;CO;Route;1.119;
VP;Essence;Euro 2;UPM10;Ville;0.029;
Bus;Diesel;Euro 3;PM2.5;Route;0.11107;
VP;Diesel;Euro 3;CO;Route;0.04;
PL;Diesel;Euro 3;COVNM;Route;0.264;
PL;Essence;Euro 3;CO;Route;3.123;
PL;Diesel;Euro 3;PM1.0;Route;0.11022;
2R;Essence;Euro 3;ECOVNM;Ville;0.504;
Bus;Diesel;Euro 3;SO2;Ville;0.03882;
VP;Essence;Euro 3;NH3;Ville;0.005;
VP;Diesel;Euro 3;NH3;Ville;0;
VUL;Essence;Euro 3;ECOVNM;Route;0.082;
VUL;Diesel;Euro 3;NOx;Route;0.82507;
PL;Diesel;Euro 3;CH4;Route;0.01813;
PL;Diesel;Euro 3;NOx;Ville;9.64352;
VUL;Essence;Euro 3;UPM10;Ville;0.041;
VP;Essence;Euro 3;CO2;Ville;224.98659;
2R;Essence;Euro 3;PM10;Route;0.01247;
VUL;Diesel;Euro 3;CO2;Ville;264.96424;
PL;Essence;Euro 3;CH4;Route;0.11;
VP;Diesel;Euro 3;NOx;Ville;0.78872;
2R;Essence;Euro 3;PM1.0;Ville;0.00932;
2R;Essence;Euro 3;PM2.5;Route;0.01247;
PL;Essence;Euro 3;SO2;Ville;0.01815;
VP;Essence;Euro 3;PM10;Ville;0.00128;
PL;Diesel;Euro 3;UTSP;Ville;0.149;
VUL;Diesel;Euro 3;NOx;Ville;1.08519;
PL;Diesel;Euro 3;SO2;Ville;0.0347;
PL;Diesel;Euro 3;NH3;Route;0.003;
2R;Essence;Euro 3;PM10;Ville;0.01247;
VP;Diesel;Euro 3;NOx;Route;0.67336;
VUL;Essence;Euro 3;UPM2.5;Route;0.016;
BUS;Diesel;Euro 3;CO;Route;1.3;
VUL;Essence;Euro 3;UPM1.0;Ville;0.003;
PL;Diesel;Euro 3;UPM10;Ville;0.101;
2R;Essence;Euro 3;UPM10;Route;0.009;
2R;Essence;Euro 3;N2O;Route;0.00188;
VUL;Diesel;Euro 3;PM10;Ville;0.05211;
Bus;Diesel;Euro 3;SO2;Route;0.01902;
2R;Essence;Euro 3;ECOVNM;Route;0.168;
VUL;Essence;Euro 3;PM1.0;Ville;0.00096;
PL;Diesel;Euro 3;CO;Route;1.467;
VUL;Diesel;Euro 3;NH3;Route;0.001;
Bus;Diesel;Euro 3;NOx;Route;5.02935;
VP;Diesel;Euro 3;CH4;Ville;0.00299;
VUL;Essence;Euro 3;UTSP;Route;0.044;
PL;Diesel;Euro 3;UPM2.5;Route;0.042;
VP;Diesel;Euro 3;UTSP;Route;0.033;
2R;Essence;Euro 3;UTSP;Route;0.015;
PL;Essence;Euro 3;PM2.5;Route;0.00492;
VUL;Essence;Euro 3;SO2;Ville;0.00842;
Bus;Diesel;Euro 3;PM1.0;Ville;0.25638;
Bus;Diesel;Euro 3;PM2.5;Ville;0.27749;
VP;Diesel;Euro 3;PM10;Route;0.02649;
PL;Essence;Euro 3;UPM2.5;Ville;0.058;
PL;Diesel;Euro 3;PM1.0;Ville;0.24553;
BUS;Diesel;Euro 3;UTSP;Ville;0.172;
VUL;Essence;Euro 3;PM10;Route;0.00084;
VP;Diesel;Euro 3;PM2.5;Ville;0.02892;
VP;Essence;Euro 3;SO2;Route;0.00435;
2R;Essence;Euro 3;PM2.5;Ville;0.01247;
PL;Essence;Euro 3;NH3;Route;0.002;
VUL;Essence;Euro 3;NOx;Route;0.08378;
VUL;Essence;Euro 3;PM1.0;Route;0.00062;
VP;Diesel;Euro 3;PM10;Ville;0.02892;
VUL;Diesel;Euro 3;UTSP;Route;0.044;
VUL;Essence;Euro 3;CO;Ville;3.729;
VUL;Essence;Euro 3;N2O;Ville;0.01701;
2R;Essence;Euro 3;NOx;Ville;0.14642;
VUL;Essence;Euro 3;COVNM;Ville;0.062;
VP;Essence;Euro 3;COVNM;Ville;0.048;
VP;Diesel;Euro 3;UPM1.0;Ville;0.002;
VP;Diesel;Euro 3;UPM10;Route;0.021;
VP;Diesel;Euro 3;UPM1.0;Route;0.001;
PL;Essence;Euro 3;PM1.0;Ville;0.00815;
BUS;Diesel;Euro 3;COVNM;Route;0.229;
VUL;Essence;Euro 3;UTSP;Ville;0.058;
VP;Diesel;Euro 3;PM2.5;Route;0.02649;
PL;Diesel;Euro 3;PM10;Ville;0.26575;
PL;Essence;Euro 3;UPM2.5;Route;0.049;
PL;Essence;Euro 3;NOx;Route;4.28523;
PL;Essence;Euro 3;N2O;Route;0.006;
Bus;Diesel;Euro 3;N2O;Route;0.00534;
2R;Essence;Euro 3;COVNM;Ville;0.759;
VUL;Essence;Euro 3;CO2;Route;135.2255;
2R;Essence;Euro 3;CO2;Route;95.7866;
VP;Diesel;Euro 3;COVNM;Route;0.012;
2R;Essence;Euro 3;UPM2.5;Ville;0.007;
VUL;Diesel;Euro 3;UPM1.0;Route;0.002;
VUL;Essence;Euro 3;NOx;Ville;0.18743;
VUL;Essence;Euro 3;N2O;Route;0.00679;
VUL;Essence;Euro 3;UPM10;Route;0.028;
VP;Diesel;Euro 3;UTSP;Ville;0.042;
VP;Essence;Euro 3;UPM2.5;Ville;0.015;
PL;Essence;Euro 3;N2O;Ville;0.006;
VP;Essence;Euro 3;N2O;Ville;0.00653;
VP;Diesel;Euro 3;N2O;Route;0.004;
PL;Diesel;Euro 3;UPM2.5;Ville;0.049;
VUL;Diesel;Euro 3;PM1.0;Route;0.03964;
2R;Essence;Euro 3;ECOVNM;Route;0.168;
PL;Diesel;Euro 3;UPM10;Route;0.083;
VUL;Essence;Euro 3;CO;Route;0.366;
PL;Essence;Euro 3;UTSP;Route;0.147;
Bus;Diesel;Euro 3;CO2;Route;603.72525;
2R;Essence;Euro 3;CO2;Ville;106.70973;
VUL;Diesel;Euro 3;SO2;Ville;0.00835;
PL;Essence;Euro 3;COVNM;Ville;6.508;
Bus;Diesel;Euro 3;PM1.0;Route;0.10262;
BUS;Diesel;Euro 3;UPM10;Route;0.096;
VUL;Essence;Euro 3;UPM2.5;Ville;0.022;
BUS;Diesel;Euro 3;UPM2.5;Ville;0.059;
PL;Diesel;Euro 3;CH4;Ville;0.0807;
VUL;Essence;Euro 3;NH3;Ville;0.004;
2R;Essence;Euro 3;SO2;Route;0.003;
2R;Essence;Euro 3;PM1.0;Route;0.00932;
VP;Essence;Euro 3;ECOVNM;Route;0.055;
VUL;Diesel;Euro 3;CO;Ville;0.431;
PL;Diesel;Euro 3;UTSP;Route;0.129;
VUL;Diesel;Euro 3;N2O;Route;0.004;
VP;Essence;Euro 3;N2O;Route;0.00157;
PL;Diesel;Euro 3;NOx;Route;5.66035;
VUL;Diesel;Euro 3;CH4;Ville;0.00299;
VUL;Diesel;Euro 3;UTSP;Ville;0.058;
PL;Diesel;Euro 3;UPM1.0;Ville;0.006;
VP;Essence;Euro 3;CH4;Route;0.002;
2R;Essence;Euro 3;N2O;Ville;0.00188;
2R;Essence;Euro 3;COVNM;Route;0.719;
Bus;Diesel;Euro 3;CH4;Route;0.0472;
2R;Essence;Euro 3;CH4;Ville;0.06135;
VUL;Essence;Euro 3;PM10;Ville;0.00128;
PL;Essence;Euro 3;UPM1.0;Route;0.006;
VP;Diesel;Euro 3;COVNM;Ville;0.023;
VP;Essence;Euro 3;ECOVNM;Ville;0.146;
BUS;Diesel;Euro 3;UTSP;Route;0.149;
VUL;Diesel;Euro 3;PM2.5;Ville;0.05211;
VP;Diesel;Euro 3;UPM2.5;Ville;0.015;
VP;Diesel;Euro 3;CO;Ville;0.136;
VUL;Diesel;Euro 3;UPM10;Ville;0.041;
VP;Diesel;Euro 3;CO2;Route;145.94937;
PL;Essence;Euro 3;SO2;Route;0.01248;
Bus;Diesel;Euro 3;CH4;Ville;0.10325;
BUS;Diesel;Euro 3;UPM1.0;Ville;0.008;
VP;Essence;Euro 3;UPM1.0;Ville;0.002;
VUL;Diesel;Euro 3;PM1.0;Ville;0.04814;
BUS;Diesel;Euro 3;NH3;Route;0.002;
VP;Essence;Euro 3;UPM2.5;Route;0.012;
2R;Essence;Euro 3;UTSP;Ville;0.019;
VUL;Essence;Euro 3;ECOVNM;Route;0.082;
VP;Essence;Euro 3;UTSP;Route;0.033;
PL;Essence;Euro 3;PM1.0;Route;0.00367;
2R;Essence;Euro 3;ECOVNM;Ville;0.504;
PL;Diesel;Euro 3;COVNM;Ville;0.638;
2R;Essence;Euro 3;CH4;Route;0.02778;
BUS;Diesel;Euro 3;COVNM;Ville;0.693;
Bus;Diesel;Euro 3;CO2;Ville;1232.32345;
VP;Diesel;Euro 3;PM1.0;Route;0.02448;
VP;Essence;Euro 3;PM2.5;Route;0.00084;
VUL;Essence;Euro 3;ECOVNM;Ville;0.217;
BUS;Diesel;Euro 3;UPM1.0;Route;0.006;
2R;Essence;Euro 3;NOx;Route;0.1873;
Bus;Diesel;Euro 3;PM10;Route;0.11107;
VP;Essence;Euro 3;NH3;Route;0.031;
VP;Essence;Euro 3;CO;Ville;0.71;
VP;Diesel;Euro 3;NH3;Route;0.001;
VP;Essence;Euro 3;NOx;Route;0.05958;
VP;Diesel;Euro 3;N2O;Ville;0.01194;
VUL;Diesel;Euro 3;CO2;Route;173.41325;
VUL;Essence;Euro 3;CH4;Ville;0.04279;
PL;Diesel;Euro 3;UPM1.0;Route;0.005;
PL;Essence;Euro 3;NOx;Ville;5.32923;
2R;Essence;Euro 3;UPM1.0;Route;0.001;
PL;Diesel;Euro 3;CO2;Route;663.32974;
Bus;Diesel;Euro 3;NOx;Ville;12.14284;
BUS;Diesel;Euro 3;NH3;Ville;0.003;
2R;Essence;Euro 3;NH3;Route;0.002;
PL;Essence;Euro 3;CO;Ville;6.155;
VUL;Diesel;Euro 3;PM10;Route;0.0429;
VP;Essence;Euro 3;ECOVNM;Route;0.055;
VP;Essence;Euro 3;NOx;Ville;0.16019;
VUL;Essence;Euro 3;COVNM;Route;0.011;
VUL;Diesel;Euro 3;UPM10;Route;0.028;
VP;Essence;Euro 3;PM1.0;Route;0.00062;
VP;Essence;Euro 3;ECOVNM;Ville;0.146;
PL;Essence;Euro 3;UPM10;Route;0.094;
VP;Essence;Euro 3;SO2;Ville;0.00706;
VP;Essence;Euro 3;CO;Route;0.647;
VUL;Essence;Euro 3;ECOVNM;Ville;0.217;
VUL;Diesel;Euro 3;PM2.5;Route;0.0429;
VP;Essence;Euro 3;CH4;Ville;0.04278;
VUL;Essence;Euro 3;PM2.5;Ville;0.00128;
PL;Essence;Euro 3;NH3;Ville;0.002;
VUL;Diesel;Euro 3;N2O;Ville;0.01194;
PL;Essence;Euro 3;COVNM;Route;2.502;
VUL;Essence;Euro 3;UPM1.0;Route;0.002;
VP;Essence;Euro 3;UTSP;Ville;0.042;
PL;Essence;Euro 3;PM10;Ville;0.01091;
VP;Essence;Euro 3;UPM10;Route;0.021;
2R;Essence;Euro 3;NH3;Ville;0.002;
PL;Diesel;Euro 3;NH3;Ville;0.003;
PL;Essence;Euro 3;PM2.5;Ville;0.01091;
VP;Diesel;Euro 3;PM1.0;Ville;0.02672;
VUL;Diesel;Euro 3;COVNM;Ville;0.087;
2R;Essence;Euro 3;SO2;Ville;0.00335;
VP;Essence;Euro 3;CO2;Route;138.79975;
2R;Essence;Euro 3;UPM10;Ville;0.013;
VUL;Diesel;Euro 3;NH3;Ville;0;
VP;Essence;Euro 3;COVNM;Route;0.012;
VP;Diesel;Euro 3;UPM10;Ville;0.029;
2R;Essence;Euro 3;UPM2.5;Route;0.005;
PL;Essence;Euro 3;UPM1.0;Ville;0.008;
BUS;Diesel;Euro 3;CO;Ville;3.481;
VUL;Diesel;Euro 3;UPM2.5;Route;0.016;
PL;Diesel;Euro 3;CO2;Ville;1101.73643;
Bus;Diesel;Euro 3;PM10;Ville;0.27749;
VUL;Diesel;Euro 3;SO2;Route;0.00546;
VUL;Essence;Euro 3;SO2;Route;0.00424;
VP;Essence;Euro 3;UPM10;Ville;0.029;
VUL;Diesel;Euro 3;UPM2.5;Ville;0.022;
VP;Essence;Euro 3;PM2.5;Ville;0.00128;
VUL;Essence;Euro 3;NH3;Route;0.031;
VP;Diesel;Euro 3;SO2;Route;0.0046;
PL;Diesel;Euro 3;PM2.5;Ville;0.26575;
VP;Essence;Euro 3;PM1.0;Ville;0.00096;
Bus;Diesel;Euro 3;N2O;Ville;0.00534;
VP;Diesel;Euro 3;UPM2.5;Route;0.012;
VP;Diesel;Euro 3;CO2;Ville;205.97012;
PL;Diesel;Euro 3;PM2.5;Route;0.11929;
VUL;Essence;Euro 3;CH4;Route;0.002;
PL;Essence;Euro 3;PM10;Route;0.00492;
PL;Diesel;Euro 3;PM10;Route;0.11929;
PL;Essence;Euro 3;CO2;Ville;578.67612;
VUL;Diesel;Euro 3;UPM1.0;Ville;0.003;
PL;Diesel;Euro 3;N2O;Ville;0.00482;
PL;Diesel;Euro 3;CO;Ville;3.091;
VP;Diesel;Euro 3;SO2;Ville;0.00649;
2R;Essence;Euro 3;UPM1.0;Ville;0.001;
PL;Diesel;Euro 3;N2O;Route;0.00482;
VUL;Diesel;Euro 3;COVNM;Route;0.063;
PL;Diesel;Euro 3;SO2;Route;0.02089;
PL;Essence;Euro 3;CO2;Route;397.91442;
BUS;Diesel;Euro 3;UPM2.5;Route;0.05;
BUS;Diesel;Euro 3;UPM10;Ville;0.116;
PL;Essence;Euro 3;UTSP;Ville;0.17;
VP;Essence;Euro 3;UPM1.0;Route;0.001;
VP;Essence;Euro 3;PM10;Route;0.00084;
VUL;Essence;Euro 3;PM2.5;Route;0.00084;
VUL;Diesel;Euro 3;CO;Route;0.279;
PL;Essence;Euro 3;UPM10;Ville;0.115;
PL;Essence;Euro 3;CH4;Ville;0.14;
VUL;Essence;Euro 3;CO2;Ville;268.46127;
VUL;Diesel;Euro 4;UPM10;Ville;0.041;
PL;Diesel;Euro 4;CO;Ville;1.52;
VP;Diesel;Euro 4;UPM10;Route;0.021;
VUL;Essence;Euro 4;NOx;Ville;0.09797;
VUL;Diesel;Euro 4;UPM1.0;Route;0.002;
2R;Essence;Euro 4;PM10;Route;0.00642;
VP;Diesel;Euro 4;CH4;Ville;0.00109;
VUL;Diesel;Euro 4;COVNM;Route;0.024;
VP;Essence;Euro 4;COVNM;Ville;0.024;
VUL;Diesel;Euro 4;UPM2.5;Ville;0.022;
VP;Essence;Euro 4;UPM2.5;Ville;0.015;
VP;Essence;Euro 4;UPM10;Ville;0.029;
PL;Diesel;Euro 4;PM2.5;Route;0.03157;
VP;Essence;Euro 4;PM10;Ville;0.00128;
VP;Essence;Euro 4;UTSP;Route;0.033;
VUL;Essence;Euro 4;CO;Route;0.211;
VUL;Diesel;Euro 4;UPM10;Route;0.028;
VUL;Essence;Euro 4;SO2;Route;0.00408;
VUL;Essence;Euro 4;PM1.0;Route;0.00062;
Bus;Diesel;Euro 4;PM2.5;Ville;0.062;
VUL;Essence;Euro 4;PM2.5;Ville;0.00128;
VP;Essence;Euro 4;CH4;Ville;0.02953;
PL;Diesel;Euro 4;SO2;Route;0.02203;
PL;Essence;Euro 4;UTSP;Ville;0.17;
PL;Diesel;Euro 4;NH3;Ville;0.003;
VUL;Diesel;Euro 4;CH4;Ville;0.00109;
PL;Essence;Euro 4;PM1.0;Route;0.00367;
PL;Essence;Euro 4;CO2;Route;386.55221;
VP;Diesel;Euro 4;PM10;Route;0.02432;
BUS;Diesel;Euro 4;UPM10;Route;0.096;
VP;Diesel;Euro 4;UPM10;Ville;0.029;
PL;Diesel;Euro 4;NH3;Route;0.003;
PL;Essence;Euro 4;PM10;Ville;0.01091;
PL;Essence;Euro 4;N2O;Ville;0.006;
Bus;Diesel;Euro 4;CO2;Route;602.5131;
PL;Essence;Euro 4;COVNM;Route;2.546;
PL;Essence;Euro 4;NOx;Ville;5.31116;
BUS;Diesel;Euro 4;UPM10;Ville;0.117;
VUL;Essence;Euro 4;PM2.5;Route;0.00084;
2R;Essence;Euro 4;SO2;Ville;0.00359;
VP;Essence;Euro 4;UPM2.5;Route;0.012;
PL;Essence;Euro 4;PM10;Route;0.00492;
VUL;Essence;Euro 4;N2O;Route;0.00248;
2R;Essence;Euro 4;ECOVNM;Route;0.163;
VUL;Essence;Euro 4;NOx;Route;0.0406;
PL;Essence;Euro 4;UPM2.5;Ville;0.058;
VUL;Essence;Euro 4;ECOVNM;Route;0.064;
VUL;Essence;Euro 4;UPM1.0;Route;0.002;
VP;Diesel;Euro 4;UPM2.5;Route;0.012;
2R;Essence;Euro 4;COVNM;Ville;0.383;
PL;Essence;Euro 4;UPM10;Route;0.094;
VP;Essence;Euro 4;ECOVNM;Route;0.047;
2R;Essence;Euro 4;UPM1.0;Ville;0.001;
VUL;Diesel;Euro 4;CO;Ville;0.351;
2R;Essence;Euro 4;UTSP;Ville;0.019;
Bus;Diesel;Euro 4;PM10;Ville;0.062;
VP;Diesel;Euro 4;COVNM;Ville;0.015;
PL;Essence;Euro 4;NH3;Ville;0.002;
BUS;Diesel;Euro 4;COVNM;Route;0.036;
PL;Essence;Euro 4;PM1.0;Ville;0.00815;
2R;Essence;Euro 4;ECOVNM;Route;0.163;
2R;Essence;Euro 4;CO2;Ville;114.37197;
PL;Diesel;Euro 4;COVNM;Ville;0.087;
VP;Diesel;Euro 4;PM2.5;Route;0.02432;
PL;Diesel;Euro 4;CH4;Route;0.00453;
2R;Essence;Euro 4;CO2;Route;99.85907;
VP;Essence;Euro 4;PM10;Route;0.00084;
BUS;Diesel;Euro 4;UPM1.0;Ville;0.008;
VUL;Essence;Euro 4;NH3;Ville;0.004;
PL;Essence;Euro 4;COVNM;Ville;6.621;
VP;Essence;Euro 4;UPM1.0;Route;0.001;
VP;Essence;Euro 4;NH3;Route;0.03;
VP;Essence;Euro 4;COVNM;Route;0.011;
VP;Diesel;Euro 4;PM1.0;Ville;0.02953;
PL;Diesel;Euro 4;COVNM;Route;0.038;
VUL;Essence;Euro 4;ECOVNM;Ville;0.171;
PL;Essence;Euro 4;CH4;Route;0.11;
VUL;Diesel;Euro 4;UPM1.0;Ville;0.003;
VP;Essence;Euro 4;UPM1.0;Ville;0.002;
BUS;Diesel;Euro 4;UPM2.5;Route;0.05;
PL;Essence;Euro 4;NOx;Route;4.2707;
PL;Diesel;Euro 4;CH4;Ville;0.00453;
PL;Essence;Euro 4;PM2.5;Ville;0.01091;
2R;Essence;Euro 4;UPM10;Ville;0.013;
PL;Diesel;Euro 4;CO;Route;0.823;
PL;Essence;Euro 4;CH4;Ville;0.14;
BUS;Diesel;Euro 4;UPM1.0;Route;0.006;
2R;Essence;Euro 4;UPM10;Route;0.009;
PL;Diesel;Euro 4;UTSP;Route;0.127;
Bus;Diesel;Euro 4;SO2;Ville;0.03574;
VUL;Diesel;Euro 4;CO2;Ville;257.48309;
2R;Essence;Euro 4;UPM1.0;Route;0.001;
PL;Essence;Euro 4;UPM1.0;Route;0.006;
PL;Diesel;Euro 4;PM10;Route;0.03157;
VUL;Essence;Euro 4;CH4;Route;0.002;
VP;Essence;Euro 4;N2O;Ville;0.00466;
VP;Diesel;Euro 4;UTSP;Ville;0.042;
VUL;Diesel;Euro 4;N2O;Ville;0.01194;
VP;Essence;Euro 4;NOx;Route;0.03039;
VP;Diesel;Euro 4;CO2;Ville;194.99086;
2R;Essence;Euro 4;N2O;Route;0.00196;
PL;Diesel;Euro 4;UTSP;Ville;0.146;
PL;Diesel;Euro 4;UPM10;Route;0.082;
PL;Essence;Euro 4;CO2;Ville;562.15236;
2R;Essence;Euro 4;UPM2.5;Route;0.005;
VP;Essence;Euro 4;CO2;Ville;216.50847;
PL;Diesel;Euro 4;UPM10;Ville;0.1;
Bus;Diesel;Euro 4;PM1.0;Ville;0.05729;
BUS;Diesel;Euro 4;COVNM;Ville;0.091;
VP;Essence;Euro 4;CO;Route;0.284;
Bus;Diesel;Euro 4;PM1.0;Route;0.0253;
VP;Diesel;Euro 4;CO;Ville;0.133;
VUL;Diesel;Euro 4;CO;Route;0.227;
2R;Essence;Euro 4;ECOVNM;Ville;0.455;
VUL;Diesel;Euro 4;PM2.5;Ville;0.0305;
PL;Essence;Euro 4;PM2.5;Route;0.00492;
VUL;Diesel;Euro 4;SO2;Ville;0.00811;
VP;Diesel;Euro 4;UPM1.0;Route;0.001;
PL;Diesel;Euro 4;SO2;Ville;0.03456;
VP;Essence;Euro 4;PM1.0;Ville;0.00096;
Bus;Diesel;Euro 4;CO2;Ville;1134.48925;
Bus;Diesel;Euro 4;CH4;Ville;0.00525;
VP;Essence;Euro 4;ECOVNM;Ville;0.125;
VP;Essence;Euro 4;NOx;Ville;0.11014;
PL;Essence;Euro 4;NH3;Route;0.002;
VP;Essence;Euro 4;UTSP;Ville;0.042;
PL;Diesel;Euro 4;CO2;Ville;1097.01546;
PL;Diesel;Euro 4;UPM2.5;Route;0.041;
VP;Diesel;Euro 4;SO2;Route;0.00437;
VUL;Diesel;Euro 4;NOx;Route;0.66565;
VUL;Diesel;Euro 4;UTSP;Ville;0.058;
PL;Essence;Euro 4;UPM10;Ville;0.115;
VP;Essence;Euro 4;UPM10;Route;0.021;
VUL;Diesel;Euro 4;PM10;Route;0.02511;
VP;Diesel;Euro 4;SO2;Ville;0.00614;
2R;Essence;Euro 4;SO2;Route;0.00313;
VUL;Essence;Euro 4;UPM2.5;Route;0.016;
2R;Essence;Euro 4;ECOVNM;Ville;0.455;
BUS;Diesel;Euro 4;NH3;Route;0.002;
BUS;Diesel;Euro 4;CO;Route;0.651;
VUL;Essence;Euro 4;CO;Ville;2.027;
PL;Essence;Euro 4;UPM1.0;Ville;0.008;
2R;Essence;Euro 4;UTSP;Route;0.014;
VUL;Diesel;Euro 4;NOx;Ville;0.87551;
PL;Essence;Euro 4;CO;Ville;6.155;
PL;Diesel;Euro 4;PM1.0;Ville;0.05254;
Bus;Diesel;Euro 4;PM2.5;Route;0.02738;
2R;Essence;Euro 4;NH3;Route;0.002;
BUS;Diesel;Euro 4;UTSP;Route;0.149;
BUS;Diesel;Euro 4;CO;Ville;1.777;
PL;Diesel;Euro 4;NOx;Route;4.32505;
VP;Essence;Euro 4;N2O;Route;0.00139;
VUL;Diesel;Euro 4;COVNM;Ville;0.033;
VP;Essence;Euro 4;PM1.0;Route;0.00062;
PL;Essence;Euro 4;UTSP;Route;0.147;
2R;Essence;Euro 4;COVNM;Route;0.33;
VUL;Essence;Euro 4;NH3;Route;0.03;
PL;Essence;Euro 4;UPM2.5;Route;0.049;
PL;Diesel;Euro 4;N2O;Route;0.01431;
VUL;Essence;Euro 4;UPM10;Ville;0.041;
2R;Essence;Euro 4;PM1.0;Ville;0.00479;
2R;Essence;Euro 4;PM2.5;Ville;0.00642;
Bus;Diesel;Euro 4;N2O;Ville;0.01171;
VP;Essence;Euro 4;ECOVNM;Route;0.047;
VUL;Diesel;Euro 4;PM1.0;Route;0.0232;
PL;Diesel;Euro 4;NOx;Ville;6.79108;
Bus;Diesel;Euro 4;N2O;Route;0.01348;
PL;Diesel;Euro 4;UPM1.0;Route;0.004;
VP;Diesel;Euro 4;COVNM;Route;0.006;
VUL;Diesel;Euro 4;NH3;Ville;0;
VUL;Essence;Euro 4;PM10;Route;0.00084;
VP;Essence;Euro 4;PM2.5;Ville;0.00128;
PL;Essence;Euro 4;CO;Route;3.123;
VP;Diesel;Euro 4;N2O;Route;0.004;
VUL;Essence;Euro 4;ECOVNM;Route;0.064;
VUL;Essence;Euro 4;CO2;Ville;258.99225;
Bus;Diesel;Euro 4;CH4;Route;0.0024;
PL;Diesel;Euro 4;PM10;Ville;0.05686;
VUL;Essence;Euro 4;CO2;Route;130.18619;
VP;Diesel;Euro 4;CO;Route;0.035;
VUL;Essence;Euro 4;UPM1.0;Ville;0.003;
PL;Diesel;Euro 4;UPM1.0;Ville;0.006;
VUL;Essence;Euro 4;COVNM;Route;0.004;
VUL;Diesel;Euro 4;NH3;Route;0.001;
VUL;Diesel;Euro 4;UPM2.5;Route;0.016;
VP;Essence;Euro 4;SO2;Ville;0.00679;
VUL;Essence;Euro 4;N2O;Ville;0.00878;
VP;Essence;Euro 4;CO2;Route;135.02886;
VUL;Diesel;Euro 4;N2O;Route;0.004;
PL;Diesel;Euro 4;UPM2.5;Ville;0.048;
2R;Essence;Euro 4;NOx;Route;0.15615;
Bus;Diesel;Euro 4;PM10;Route;0.02738;
VP;Diesel;Euro 4;CO2;Route;138.68583;
VUL;Essence;Euro 4;COVNM;Ville;0.026;
VP;Diesel;Euro 4;NH3;Route;0.001;
2R;Essence;Euro 4;N2O;Ville;0.00195;
VP;Essence;Euro 4;NH3;Ville;0.004;
VUL;Essence;Euro 4;PM10;Ville;0.00128;
VP;Diesel;Euro 4;UTSP;Route;0.033;
VP;Diesel;Euro 4;PM1.0;Route;0.02247;
PL;Diesel;Euro 4;PM2.5;Ville;0.05686;
2R;Essence;Euro 4;PM10;Ville;0.00642;
VUL;Diesel;Euro 4;PM10;Ville;0.0305;
VP;Diesel;Euro 4;PM2.5;Ville;0.03196;
2R;Essence;Euro 4;NH3;Ville;0.002;
VUL;Diesel;Euro 4;SO2;Route;0.0053;
VP;Essence;Euro 4;CO;Ville;0.251;
2R;Essence;Euro 4;NOx;Ville;0.11167;
PL;Essence;Euro 4;SO2;Route;0.01212;
PL;Diesel;Euro 4;PM1.0;Route;0.02917;
VUL;Diesel;Euro 4;CO2;Route;168.27241;
VUL;Essence;Euro 4;CH4;Ville;0.02936;
Bus;Diesel;Euro 4;SO2;Route;0.01898;
VP;Diesel;Euro 4;NOx;Ville;0.63883;
BUS;Diesel;Euro 4;UTSP;Ville;0.173;
VUL;Essence;Euro 4;SO2;Ville;0.00812;
VUL;Essence;Euro 4;UPM2.5;Ville;0.022;
PL;Essence;Euro 4;SO2;Ville;0.01763;
2R;Essence;Euro 4;CH4;Ville;0.06465;
VP;Essence;Euro 4;ECOVNM;Ville;0.125;
VP;Diesel;Euro 4;NH3;Ville;0;
VP;Diesel;Euro 4;UPM2.5;Ville;0.015;
VP;Essence;Euro 4;SO2;Route;0.00423;
VP;Diesel;Euro 4;N2O;Ville;0.01194;
VUL;Essence;Euro 4;ECOVNM;Ville;0.171;
VP;Diesel;Euro 4;PM10;Ville;0.03196;
VP;Diesel;Euro 4;UPM1.0;Ville;0.002;
2R;Essence;Euro 4;PM1.0;Route;0.0048;
VP;Essence;Euro 4;CH4;Route;0.00269;
VUL;Essence;Euro 4;UTSP;Ville;0.058;
Bus;Diesel;Euro 4;NOx;Ville;7.57725;
BUS;Diesel;Euro 4;UPM2.5;Ville;0.059;
Bus;Diesel;Euro 4;NOx;Route;3.59458;
VUL;Essence;Euro 4;UTSP;Route;0.044;
2R;Essence;Euro 4;UPM2.5;Ville;0.007;
PL;Essence;Euro 4;N2O;Route;0.006;
VUL;Diesel;Euro 4;PM1.0;Ville;0.02818;
VUL;Diesel;Euro 4;PM2.5;Route;0.02511;
VP;Diesel;Euro 4;NOx;Route;0.42527;
BUS;Diesel;Euro 4;NH3;Ville;0.003;
2R;Essence;Euro 4;PM2.5;Route;0.00642;
PL;Diesel;Euro 4;N2O;Ville;0.01165;
VUL;Diesel;Euro 4;UTSP;Route;0.044;
VP;Essence;Euro 4;PM2.5;Route;0.00084;
VUL;Essence;Euro 4;UPM10;Route;0.028;
2R;Essence;Euro 4;CH4;Route;0.02837;
VUL;Essence;Euro 4;PM1.0;Ville;0.00096;
PL;Diesel;Euro 4;CO2;Route;699.47872;
PL;Essence;Euro 5;UTSP;Ville;0.17;
PL;Diesel;Euro 5;PM2.5;Route;0.0381;
PL;Essence;Euro 5;CO;Ville;6.155;
VP;Diesel;Euro 5;UPM10;Ville;0.029;
VP;Diesel;Euro 5;CO;Ville;0.064;
PL;Essence;Euro 5;NOx;Ville;5.31116;
Bus;Diesel;Euro 5;NOx;Route;2.77738;
VUL;Essence;Euro 5;UPM2.5;Route;0.016;
VUL;Essence;Euro 5;PM2.5;Route;0.00205;
VP;Essence;Euro 5;UPM1.0;Route;0.001;
BUS;Diesel;Euro 5;UPM2.5;Ville;0.059;
VP;Essence;Euro 5;UPM2.5;Ville;0.015;
Bus;Diesel;Euro 5;PM1.0;Ville;0.0673;
Bus;Diesel;Euro 5;PM2.5;Route;0.03412;
VUL;Diesel;Euro 5;UPM2.5;Ville;0.022;
BUS;Diesel;Euro 5;UPM1.0;Ville;0.008;
VP;Diesel;Euro 5;CO2;Route;133.38606;
VUL;Diesel;Euro 5;UTSP;Ville;0.058;
VP;Essence;Euro 5;ECOVNM;Route;0.04;
VUL;Essence;Euro 5;CO2;Route;136.41907;
VP;Diesel;Euro 5;N2O;Route;0.004;
VUL;Diesel;Euro 5;N2O;Ville;0.01194;
Bus;Diesel;Euro 5;SO2;Ville;0.03561;
VP;Essence;Euro 5;PM2.5;Ville;0.00157;
VUL;Diesel;Euro 5;COVNM;Ville;0;
Bus;Diesel;Euro 5;NOx;Ville;9.19934;
PL;Diesel;Euro 5;COVNM;Ville;0.125;
PL;Essence;Euro 5;PM10;Ville;0.01091;
VP;Diesel;Euro 5;UPM2.5;Route;0.012;
VP;Diesel;Euro 5;PM1.0;Route;0.00165;
VP;Essence;Euro 5;PM10;Ville;0.00157;
Bus;Diesel;Euro 5;PM1.0;Route;0.03152;
PL;Diesel;Euro 5;PM10;Route;0.0381;
VUL;Essence;Euro 5;UPM1.0;Route;0.002;
PL;Essence;Euro 5;SO2;Ville;0.0173;
VP;Essence;Euro 5;ECOVNM;Ville;0.106;
VUL;Diesel;Euro 5;N2O;Route;0.004;
VP;Diesel;Euro 5;CO2;Ville;188.90771;
VUL;Diesel;Euro 5;SO2;Route;0.00624;
PL;Essence;Euro 5;PM1.0;Ville;0.00815;
VP;Essence;Euro 5;CO;Route;0.261;
PL;Essence;Euro 5;CO2;Ville;551.81077;
PL;Diesel;Euro 5;COVNM;Route;0.053;
VP;Essence;Euro 5;N2O;Route;0.00023;
Bus;Diesel;Euro 5;N2O;Ville;0.03096;
VUL;Diesel;Euro 5;PM2.5;Route;0.00094;
VP;Essence;Euro 5;PM10;Route;0.00123;
VUL;Essence;Euro 5;SO2;Ville;0.00737;
VUL;Essence;Euro 5;ECOVNM;Ville;0.125;
VP;Diesel;Euro 5;NH3;Ville;0.001;
PL;Diesel;Euro 5;CO2;Route;730.34359;
VUL;Diesel;Euro 5;CO2;Ville;262.21697;
VUL;Essence;Euro 5;ECOVNM;Route;0.047;
VP;Diesel;Euro 5;NOx;Route;0.48113;
VP;Diesel;Euro 5;PM1.0;Ville;0.00258;
VUL;Essence;Euro 5;CO;Ville;0.563;
BUS;Diesel;Euro 5;COVNM;Route;0.05;
PL;Essence;Euro 5;CO;Route;3.123;
PL;Diesel;Euro 5;UPM1.0;Route;0.004;
VUL;Essence;Euro 5;PM10;Ville;0.00089;
PL;Essence;Euro 5;COVNM;Ville;6.621;
VP;Diesel;Euro 5;NOx;Ville;0.67021;
VP;Diesel;Euro 5;PM10;Route;0.00178;
VUL;Essence;Euro 5;CO2;Ville;235.0389;
PL;Diesel;Euro 5;NOx;Route;3.17184;
PL;Diesel;Euro 5;SO2;Route;0.02301;
VP;Essence;Euro 5;NOx;Route;0.01903;
VP;Diesel;Euro 5;SO2;Route;0.0042;
PL;Diesel;Euro 5;UPM2.5;Ville;0.048;
VP;Essence;Euro 5;PM1.0;Route;0.00091;
VP;Diesel;Euro 5;UPM2.5;Ville;0.015;
PL;Essence;Euro 5;UPM1.0;Ville;0.008;
VP;Essence;Euro 5;UTSP;Route;0.033;
PL;Essence;Euro 5;CH4;Ville;0.14;
PL;Diesel;Euro 5;CO;Route;1.06;
VP;Diesel;Euro 5;PM2.5;Ville;0.0028;
VUL;Essence;Euro 5;UPM10;Route;0.028;
VP;Essence;Euro 5;ECOVNM;Route;0.04;
VUL;Diesel;Euro 5;SO2;Ville;0.00826;
VP;Diesel;Euro 5;CO;Route;0.025;
VP;Essence;Euro 5;ECOVNM;Ville;0.106;
VP;Essence;Euro 5;COVNM;Ville;0.019;
VP;Diesel;Euro 5;UPM1.0;Route;0.001;
BUS;Diesel;Euro 5;COVNM;Ville;0.126;
VUL;Essence;Euro 5;UPM1.0;Ville;0.003;
PL;Essence;Euro 5;SO2;Route;0.0119;
VUL;Essence;Euro 5;PM2.5;Ville;0.00089;
VUL;Essence;Euro 5;UTSP;Route;0.044;
BUS;Diesel;Euro 5;NH3;Ville;0.003;
PL;Essence;Euro 5;COVNM;Route;2.546;
PL;Diesel;Euro 5;UTSP;Ville;0.146;
VP;Essence;Euro 5;CO;Ville;0.317;
VUL;Essence;Euro 5;COVNM;Route;0.004;
PL;Essence;Euro 5;PM2.5;Ville;0.01091;
Bus;Diesel;Euro 5;CO2;Ville;1130.48796;
PL;Essence;Euro 5;PM10;Route;0.00492;
VUL;Diesel;Euro 5;UPM1.0;Ville;0.003;
VUL;Essence;Euro 5;UPM2.5;Ville;0.022;
PL;Diesel;Euro 5;CH4;Ville;0.00456;
VUL;Diesel;Euro 5;PM2.5;Ville;0.0014;
VUL;Essence;Euro 5;ECOVNM;Route;0.047;
VUL;Essence;Euro 5;PM10;Route;0.00205;
BUS;Diesel;Euro 5;NH3;Route;0.002;
VP;Essence;Euro 5;PM1.0;Ville;0.00117;
VP;Essence;Euro 5;COVNM;Route;0.002;
PL;Essence;Euro 5;NH3;Route;0.002;
VUL;Diesel;Euro 5;COVNM;Route;0;
VP;Essence;Euro 5;SO2;Ville;0.0058;
VUL;Diesel;Euro 5;CO;Route;0;
VUL;Diesel;Euro 5;NH3;Route;0.002;
PL;Essence;Euro 5;N2O;Route;0.006;
PL;Diesel;Euro 5;UPM2.5;Route;0.041;
VP;Essence;Euro 5;UPM1.0;Ville;0.002;
PL;Diesel;Euro 5;UPM10;Ville;0.1;
PL;Diesel;Euro 5;UPM10;Route;0.082;
VP;Essence;Euro 5;CH4;Ville;0.02885;
VP;Essence;Euro 5;CH4;Route;0.00269;
Bus;Diesel;Euro 5;PM10;Ville;0.07284;
PL;Essence;Euro 5;NOx;Route;4.2707;
PL;Essence;Euro 5;NH3;Ville;0.002;
VUL;Diesel;Euro 5;UPM1.0;Route;0.002;
BUS;Diesel;Euro 5;UPM2.5;Route;0.05;
VUL;Essence;Euro 5;UPM10;Ville;0.041;
PL;Diesel;Euro 5;CO2;Ville;1204.2238;
PL;Diesel;Euro 5;PM10;Ville;0.07629;
VP;Diesel;Euro 5;UTSP;Ville;0.042;
VP;Essence;Euro 5;NOx;Ville;0.07679;
Bus;Diesel;Euro 5;PM10;Route;0.03412;
VUL;Diesel;Euro 5;UPM10;Route;0.028;
PL;Diesel;Euro 5;NOx;Ville;8.53165;
VUL;Essence;Euro 5;COVNM;Ville;0.015;
VP;Essence;Euro 5;NH3;Ville;0.012;
VUL;Essence;Euro 5;UTSP;Ville;0.058;
VP;Diesel;Euro 5;NH3;Route;0.002;
VUL;Diesel;Euro 5;PM1.0;Ville;0.00129;
PL;Essence;Euro 5;N2O;Ville;0.006;
VP;Diesel;Euro 5;UTSP;Route;0.033;
VUL;Essence;Euro 5;N2O;Ville;0.00949;
PL;Essence;Euro 5;UPM2.5;Ville;0.058;
Bus;Diesel;Euro 5;CH4;Route;0.0024;
VUL;Essence;Euro 5;CH4;Route;0.002;
PL;Essence;Euro 5;UPM2.5;Route;0.049;
VP;Diesel;Euro 5;PM2.5;Route;0.00178;
VP;Essence;Euro 5;UPM2.5;Route;0.012;
PL;Diesel;Euro 5;PM2.5;Ville;0.07629;
Bus;Diesel;Euro 5;PM2.5;Ville;0.07284;
PL;Essence;Euro 5;CO2;Route;379.44103;
PL;Diesel;Euro 5;CO;Ville;1.994;
VUL;Essence;Euro 5;NOx;Ville;0.07342;
VUL;Diesel;Euro 5;NH3;Ville;0.001;
VUL;Diesel;Euro 5;CO2;Route;198.11712;
PL;Diesel;Euro 5;PM1.0;Ville;0.07049;
VUL;Essence;Euro 5;NH3;Ville;0.012;
VUL;Essence;Euro 5;ECOVNM;Ville;0.125;
Bus;Diesel;Euro 5;CO2;Route;599.57148;
BUS;Diesel;Euro 5;UPM10;Ville;0.117;
VP;Diesel;Euro 5;N2O;Ville;0.01194;
VP;Diesel;Euro 5;UPM10;Route;0.021;
PL;Diesel;Euro 5;SO2;Ville;0.03793;
PL;Diesel;Euro 5;PM1.0;Route;0.0352;
VUL;Diesel;Euro 5;UPM10;Ville;0.041;
BUS;Diesel;Euro 5;UPM1.0;Route;0.006;
VP;Diesel;Euro 5;UPM1.0;Ville;0.002;
PL;Essence;Euro 5;PM1.0;Route;0.00367;
PL;Essence;Euro 5;UPM1.0;Route;0.006;
VP;Essence;Euro 5;UTSP;Ville;0.042;
BUS;Diesel;Euro 5;UTSP;Route;0.149;
VP;Diesel;Euro 5;PM10;Ville;0.0028;
Bus;Diesel;Euro 5;N2O;Route;0.03781;
PL;Diesel;Euro 5;NH3;Ville;0.011;
VP;Essence;Euro 5;CO2;Route;114.58366;
BUS;Diesel;Euro 5;CO;Route;0.836;
VUL;Essence;Euro 5;CO;Route;0.416;
VUL;Diesel;Euro 5;PM10;Ville;0.0014;
VUL;Diesel;Euro 5;CO;Ville;0;
VP;Essence;Euro 5;UPM10;Route;0.021;
VUL;Diesel;Euro 5;PM10;Route;0.00094;
PL;Essence;Euro 5;PM2.5;Route;0.00492;
BUS;Diesel;Euro 5;UPM10;Route;0.096;
PL;Essence;Euro 5;UPM10;Ville;0.115;
VUL;Diesel;Euro 5;CH4;Ville;0.00007;
Bus;Diesel;Euro 5;CH4;Ville;0.00525;
VUL;Essence;Euro 5;N2O;Route;0.00022;
VP;Essence;Euro 5;NH3;Route;0.009;
VP;Essence;Euro 5;SO2;Route;0.00359;
VUL;Diesel;Euro 5;UTSP;Route;0.044;
VP;Essence;Euro 5;UPM10;Ville;0.029;
VUL;Essence;Euro 5;PM1.0;Ville;0.00066;
VUL;Diesel;Euro 5;NOx;Route;1.15689;
VUL;Essence;Euro 5;CH4;Ville;0.02936;
VUL;Diesel;Euro 5;PM1.0;Route;0.00087;
VP;Essence;Euro 5;CO2;Ville;184.84703;
PL;Diesel;Euro 5;N2O;Route;0.04481;
BUS;Diesel;Euro 5;UTSP;Ville;0.173;
VP;Diesel;Euro 5;CH4;Ville;0.00007;
VUL;Essence;Euro 5;SO2;Route;0.00428;
PL;Diesel;Euro 5;UTSP;Route;0.127;
VUL;Diesel;Euro 5;NOx;Ville;1.19612;
VP;Diesel;Euro 5;SO2;Ville;0.00595;
VUL;Essence;Euro 5;NOx;Route;0.01461;
VUL;Diesel;Euro 5;UPM2.5;Route;0.016;
PL;Diesel;Euro 5;UPM1.0;Ville;0.006;
VP;Essence;Euro 5;N2O;Ville;0.00253;
Bus;Diesel;Euro 5;SO2;Route;0.01889;
VP;Diesel;Euro 5;COVNM;Ville;0.001;
PL;Essence;Euro 5;UPM10;Route;0.094;
VP;Diesel;Euro 5;COVNM;Route;0.001;
VUL;Essence;Euro 5;NH3;Route;0.009;
PL;Essence;Euro 5;CH4;Route;0.11;
VP;Essence;Euro 5;PM2.5;Route;0.00123;
PL;Diesel;Euro 5;NH3;Route;0.011;
VUL;Essence;Euro 5;PM1.0;Route;0.00153;
BUS;Diesel;Euro 5;CO;Ville;2.451;
PL;Essence;Euro 5;UTSP;Route;0.147;
PL;Diesel;Euro 5;CH4;Route;0.00458;
PL;Diesel;Euro 5;N2O;Ville;0.03317;
VP;Essence;Euro 6;PM2.5;Ville;0.00167;
VUL;Essence;Euro 6;ECOVNM;Ville;0.118;
VUL;Diesel;Euro 6;NH3;Route;0.007;
VP;Essence;Euro 6;NOx;Route;0.02077;
VUL;Essence;Euro 6;PM2.5;Ville;0.00089;
VUL;Essence;Euro 6;UPM10;Ville;0.041;
PL;Essence;Euro 6;UPM1.0;Ville;0.008;
Bus;Diesel;Euro 6;NOx;Ville;0.68019;
BUS;Diesel;Euro 6;UPM1.0;Ville;0.008;
VP;Diesel;Euro 6;COVNM;Route;0.001;
VUL;Essence;Euro 6;CH4;Route;0.002;
PL;Essence;Euro 6;COVNM;Route;2.546;
PL;Essence;Euro 6;N2O;Ville;0.006;
VUL;Essence;Euro 6;NOx;Route;0.01461;
VUL;Essence;Euro 6;UPM2.5;Ville;0.022;
VP;Diesel;Euro 6;CO2;Route;130.16467;
Bus;Diesel;Euro 6;SO2;Route;0.01899;
VP;Essence;Euro 6;UPM2.5;Route;0.012;
VUL;Essence;Euro 6;ECOVNM;Ville;0.118;
PL;Diesel;Euro 6;UPM1.0;Route;0.004;
VP;Essence;Euro 6;UTSP;Ville;0.042;
VUL;Essence;Euro 6;NOx;Ville;0.07342;
VUL;Essence;Euro 6;CO;Route;0.416;
VUL;Essence;Euro 6;NH3;Ville;0.011;
VUL;Essence;Euro 6;UPM1.0;Ville;0.003;
VP;Essence;Euro 6;ECOVNM;Ville;0.092;
VP;Essence;Euro 6;PM2.5;Route;0.00128;
VP;Essence;Euro 6;PM10;Route;0.00128;
PL;Essence;Euro 6;NH3;Route;0.002;
PL;Essence;Euro 6;UPM2.5;Route;0.049;
VUL;Essence;Euro 6;UPM1.0;Route;0.002;
Bus;Diesel;Euro 6;PM2.5;Route;0.00343;
VUL;Diesel;Euro 6;UPM1.0;Ville;0.003;
VP;Essence;Euro 6;UPM2.5;Ville;0.015;
VUL;Essence;Euro 6;PM1.0;Ville;0.00066;
PL;Essence;Euro 6;CH4;Ville;0.14;
PL;Essence;Euro 6;PM1.0;Ville;0.00815;
PL;Essence;Euro 6;PM2.5;Ville;0.01091;
VUL;Essence;Euro 6;UPM2.5;Route;0.016;
VP;Diesel;Euro 6;UPM1.0;Ville;0.002;
VP;Diesel;Euro 6;UPM10;Route;0.021;
VUL;Essence;Euro 6;CO2;Ville;231.13265;
VUL;Essence;Euro 6;CH4;Ville;0.02936;
BUS;Diesel;Euro 6;UTSP;Route;0.148;
VUL;Essence;Euro 6;NH3;Route;0.008;
BUS;Diesel;Euro 6;CO;Ville;0.418;
PL;Diesel;Euro 6;UPM1.0;Ville;0.006;
PL;Diesel;Euro 6;COVNM;Route;0.025;
VUL;Diesel;Euro 6;NOx;Ville;0.9665;
VP;Essence;Euro 6;ECOVNM;Route;0.035;
PL;Diesel;Euro 6;UPM2.5;Route;0.04;
VUL;Essence;Euro 6;UTSP;Route;0.044;
PL;Diesel;Euro 6;CO2;Route;789.82456;
VUL;Essence;Euro 6;CO2;Route;133.98112;
VP;Diesel;Euro 6;CO2;Ville;186.82246;
PL;Diesel;Euro 6;NOx;Route;0.29119;
VP;Diesel;Euro 6;N2O;Ville;0.00995;
PL;Diesel;Euro 6;PM1.0;Route;0.00375;
VP;Essence;Euro 6;COVNM;Route;0.004;
VUL;Diesel;Euro 6;CO;Route;0;
VP;Diesel;Euro 6;PM2.5;Ville;0.00203;
VUL;Diesel;Euro 6;UPM10;Route;0.028;
VUL;Diesel;Euro 6;UTSP;Ville;0.058;
VP;Diesel;Euro 6;PM10;Ville;0.00203;
Bus;Diesel;Euro 6;CO2;Ville;1144.80375;
BUS;Diesel;Euro 6;UPM1.0;Route;0.006;
BUS;Diesel;Euro 6;COVNM;Ville;0.06;
PL;Essence;Euro 6;PM10;Ville;0.01091;
PL;Essence;Euro 6;CO2;Ville;487.76907;
PL;Diesel;Euro 6;N2O;Route;0.04744;
PL;Diesel;Euro 6;NOx;Ville;1.0882;
BUS;Diesel;Euro 6;UPM2.5;Ville;0.059;
VUL;Essence;Euro 6;N2O;Ville;0.00942;
VP;Essence;Euro 6;PM10;Ville;0.00167;
PL;Diesel;Euro 6;PM2.5;Ville;0.00907;
PL;Essence;Euro 6;NOx;Ville;5.31116;
PL;Diesel;Euro 6;N2O;Ville;0.0452;
VUL;Essence;Euro 6;SO2;Ville;0.00725;
VUL;Essence;Euro 6;PM2.5;Route;0.00205;
VP;Essence;Euro 6;CO;Ville;0.298;
Bus;Diesel;Euro 6;CH4;Route;0.0024;
PL;Diesel;Euro 6;PM10;Ville;0.00907;
VUL;Diesel;Euro 6;UPM2.5;Ville;0.022;
VP;Diesel;Euro 6;NH3;Ville;0.003;
PL;Essence;Euro 6;CO;Route;3.123;
PL;Essence;Euro 6;PM1.0;Route;0.00367;
PL;Essence;Euro 6;UPM1.0;Route;0.006;
Bus;Diesel;Euro 6;N2O;Ville;0.03828;
Bus;Diesel;Euro 6;PM10;Route;0.00343;
BUS;Diesel;Euro 6;COVNM;Route;0.023;
VUL;Diesel;Euro 6;SO2;Ville;0.00803;
VP;Diesel;Euro 6;PM10;Route;0.00118;
VP;Essence;Euro 6;COVNM;Ville;0.019;
VUL;Diesel;Euro 6;CO;Ville;0;
VUL;Diesel;Euro 6;NOx;Route;0.93484;
VP;Essence;Euro 6;PM1.0;Route;0.00095;
VP;Diesel;Euro 6;CO;Route;0.04;
Bus;Diesel;Euro 6;CH4;Ville;0.00525;
VP;Essence;Euro 6;ECOVNM;Route;0.035;
PL;Diesel;Euro 6;CO2;Ville;1320.54691;
VUL;Diesel;Euro 6;UPM10;Ville;0.041;
VUL;Diesel;Euro 6;PM1.0;Ville;0.00129;
VUL;Essence;Euro 6;PM10;Ville;0.00089;
PL;Diesel;Euro 6;UPM10;Ville;0.099;
Bus;Diesel;Euro 6;NOx;Route;0.15788;
Bus;Diesel;Euro 6;N2O;Route;0.03971;
VUL;Essence;Euro 6;PM1.0;Route;0.00153;
VP;Diesel;Euro 6;UPM2.5;Route;0.012;
VP;Essence;Euro 6;CO2;Route;111.37076;
PL;Diesel;Euro 6;UPM2.5;Ville;0.048;
VP;Essence;Euro 6;UPM1.0;Ville;0.002;
VP;Essence;Euro 6;CO;Route;0.221;
PL;Diesel;Euro 6;NH3;Route;0.003;
VP;Essence;Euro 6;N2O;Route;0.00015;
PL;Diesel;Euro 6;CO;Ville;0.307;
VUL;Diesel;Euro 6;PM2.5;Route;0.00094;
PL;Essence;Euro 6;COVNM;Ville;6.621;
PL;Diesel;Euro 6;UPM10;Route;0.081;
PL;Diesel;Euro 6;CH4;Route;0.00486;
PL;Essence;Euro 6;NH3;Ville;0.002;
PL;Diesel;Euro 6;SO2;Ville;0.0416;
Bus;Diesel;Euro 6;SO2;Ville;0.03606;
PL;Diesel;Euro 6;SO2;Route;0.02488;
VUL;Essence;Euro 6;PM10;Route;0.00205;
VUL;Diesel;Euro 6;PM2.5;Ville;0.0014;
PL;Diesel;Euro 6;CH4;Ville;0.00475;
BUS;Diesel;Euro 6;UPM2.5;Route;0.05;
VP;Diesel;Euro 6;CO;Ville;0.066;
VUL;Diesel;Euro 6;CH4;Ville;0.00007;
VP;Essence;Euro 6;ECOVNM;Ville;0.092;
VUL;Diesel;Euro 6;NH3;Ville;0.003;
PL;Essence;Euro 6;CO2;Route;335.4041;
VUL;Diesel;Euro 6;CO2;Ville;254.84348;
PL;Essence;Euro 6;UPM2.5;Ville;0.058;
PL;Diesel;Euro 6;PM2.5;Route;0.00406;
Bus;Diesel;Euro 6;PM1.0;Ville;0.0082;
PL;Essence;Euro 6;SO2;Ville;0.0153;
BUS;Diesel;Euro 6;UPM10;Route;0.095;
VP;Essence;Euro 6;NOx;Ville;0.08004;
VP;Essence;Euro 6;N2O;Ville;0.00227;
VP;Diesel;Euro 6;UTSP;Ville;0.042;
BUS;Diesel;Euro 6;UTSP;Ville;0.172;
VUL;Essence;Euro 6;CO;Ville;0.563;
VP;Diesel;Euro 6;PM1.0;Ville;0.00188;
VP;Diesel;Euro 6;PM2.5;Route;0.00118;
Bus;Diesel;Euro 6;PM1.0;Route;0.00317;
VP;Essence;Euro 6;CH4;Ville;0.0283;
VUL;Diesel;Euro 6;PM1.0;Route;0.00087;
VP;Essence;Euro 6;UPM1.0;Route;0.001;
VUL;Diesel;Euro 6;UPM1.0;Route;0.002;
VP;Diesel;Euro 6;NOx;Ville;0.55307;
VUL;Essence;Euro 6;COVNM;Route;0.004;
VUL;Diesel;Euro 6;N2O;Route;0.004;
VUL;Essence;Euro 6;UTSP;Ville;0.058;
VP;Diesel;Euro 6;N2O;Route;0.004;
PL;Diesel;Euro 6;UTSP;Route;0.125;
VP;Diesel;Euro 6;PM1.0;Route;0.00109;
VUL;Diesel;Euro 6;PM10;Route;0.00094;
PL;Diesel;Euro 6;PM1.0;Ville;0.00838;
PL;Essence;Euro 6;UPM10;Ville;0.115;
PL;Diesel;Euro 6;CO;Route;0.135;
VUL;Diesel;Euro 6;COVNM;Route;0;
PL;Diesel;Euro 6;UTSP;Ville;0.144;
VP;Diesel;Euro 6;UPM2.5;Ville;0.015;
VP;Essence;Euro 6;CO2;Ville;179.3008;
PL;Essence;Euro 6;CH4;Route;0.11;
PL;Diesel;Euro 6;PM10;Route;0.00406;
VP;Diesel;Euro 6;COVNM;Ville;0.001;
BUS;Diesel;Euro 6;NH3;Ville;0.003;
VUL;Essence;Euro 6;N2O;Route;0.00019;
VUL;Diesel;Euro 6;SO2;Route;0.00606;
VUL;Diesel;Euro 6;UPM2.5;Route;0.016;
PL;Essence;Euro 6;NOx;Route;4.2707;
VUL;Diesel;Euro 6;UTSP;Route;0.044;
VUL;Diesel;Euro 6;CO2;Route;192.24183;
VP;Essence;Euro 6;NH3;Route;0.006;
VP;Essence;Euro 6;UTSP;Route;0.033;
VP;Diesel;Euro 6;SO2;Ville;0.00588;
VUL;Essence;Euro 6;ECOVNM;Route;0.044;
Bus;Diesel;Euro 6;PM10;Ville;0.00888;
BUS;Diesel;Euro 6;CO;Route;0.147;
PL;Diesel;Euro 6;COVNM;Ville;0.064;
VP;Essence;Euro 6;PM1.0;Ville;0.00125;
VP;Diesel;Euro 6;UTSP;Route;0.033;
VP;Diesel;Euro 6;UPM1.0;Route;0.001;
VUL;Essence;Euro 6;SO2;Route;0.0042;
VP;Essence;Euro 6;NH3;Ville;0.01;
VUL;Diesel;Euro 6;N2O;Ville;0.00995;
VP;Diesel;Euro 6;NOx;Route;0.39626;
VP;Diesel;Euro 6;CH4;Ville;0.00007;
Bus;Diesel;Euro 6;CO2;Route;602.92237;
PL;Essence;Euro 6;SO2;Route;0.01052;
VP;Diesel;Euro 6;SO2;Route;0.0041;
VUL;Essence;Euro 6;ECOVNM;Route;0.044;
VP;Essence;Euro 6;UPM10;Route;0.021;
BUS;Diesel;Euro 6;UPM10;Ville;0.116;
PL;Diesel;Euro 6;NH3;Ville;0.003;
VUL;Diesel;Euro 6;PM10;Ville;0.0014;
PL;Essence;Euro 6;UTSP;Ville;0.17;
BUS;Diesel;Euro 6;NH3;Route;0.002;
VP;Essence;Euro 6;SO2;Route;0.00349;
VP;Essence;Euro 6;CH4;Route;0.00204;
VP;Essence;Euro 6;SO2;Ville;0.00562;
PL;Essence;Euro 6;PM2.5;Route;0.00492;
VP;Essence;Euro 6;UPM10;Ville;0.029;
VUL;Essence;Euro 6;UPM10;Route;0.028;
PL;Essence;Euro 6;N2O;Route;0.006;
Bus;Diesel;Euro 6;PM2.5;Ville;0.00888;
PL;Essence;Euro 6;PM10;Route;0.00492;
PL;Essence;Euro 6;UPM10;Route;0.094;
VUL;Diesel;Euro 6;COVNM;Ville;0;
VP;Diesel;Euro 6;NH3;Route;0.007;
PL;Essence;Euro 6;CO;Ville;6.155;
PL;Essence;Euro 6;UTSP;Route;0.147;
VP;Diesel;Euro 6;UPM10;Ville;0.029;
VUL;Essence;Euro 6;COVNM;Ville;0.015;
VUL;Essence;Euro 6c;UPM2.5;Route;0.016;
VP;Diesel;Euro 6c;N2O;Route;0.004;
VUL;Essence;Euro 6c;N2O;Route;0.00021;
VP;Diesel;Euro 6c;PM2.5;Ville;0.00203;
VP;Diesel;Euro 6c;CO;Route;0.04;
VP;Essence;Euro 6c;PM10;Route;0.0014;
VP;Diesel;Euro 6c;PM1.0;Route;0.00109;
VUL;Essence;Euro 6c;PM10;Ville;0.00089;
VP;Essence;Euro 6c;UPM1.0;Ville;0.002;
VUL;Essence;Euro 6c;PM10;Route;0.00205;
VP;Diesel;Euro 6c;SO2;Route;0.00417;
VUL;Essence;Euro 6c;UPM2.5;Ville;0.022;
VP;Diesel;Euro 6c;UPM10;Ville;0.029;
VP;Diesel;Euro 6c;UPM1.0;Route;0.001;
VP;Diesel;Euro 6c;NOx;Route;0.30272;
VP;Essence;Euro 6c;ECOVNM;Ville;0.096;
VP;Diesel;Euro 6c;UTSP;Route;0.033;
VP;Essence;Euro 6c;UPM2.5;Ville;0.015;
VUL;Essence;Euro 6c;COVNM;Route;0.004;
VP;Essence;Euro 6c;UTSP;Route;0.033;
VP;Essence;Euro 6c;PM2.5;Ville;0.00185;
VUL;Essence;Euro 6c;COVNM;Ville;0.015;
VUL;Essence;Euro 6c;SO2;Route;0.00428;
VP;Essence;Euro 6c;SO2;Route;0.0035;
VP;Diesel;Euro 6c;N2O;Ville;0.00995;
VP;Diesel;Euro 6c;PM10;Route;0.00118;
VUL;Essence;Euro 6c;ECOVNM;Route;0.037;
VP;Essence;Euro 6c;PM10;Ville;0.00185;
VP;Diesel;Euro 6c;COVNM;Route;0.001;
VUL;Essence;Euro 6c;UPM10;Ville;0.041;
VP;Essence;Euro 6c;COVNM;Ville;0.019;
VUL;Essence;Euro 6c;NH3;Route;0.009;
VUL;Essence;Euro 6c;N2O;Ville;0.00973;
VUL;Essence;Euro 6c;NOx;Ville;0.07342;
VUL;Essence;Euro 6c;UTSP;Route;0.044;
VP;Diesel;Euro 6c;SO2;Ville;0.00598;
VUL;Essence;Euro 6c;ECOVNM;Ville;0.099;
VP;Diesel;Euro 6c;UPM2.5;Route;0.012;
VUL;Essence;Euro 6c;PM2.5;Route;0.00205;
VP;Essence;Euro 6c;PM2.5;Route;0.0014;
VUL;Essence;Euro 6c;CH4;Ville;0.02936;
VUL;Essence;Euro 6c;UPM10;Route;0.028;
VP;Essence;Euro 6c;CH4;Route;0.00204;
VP;Essence;Euro 6c;PM1.0;Ville;0.00138;
VP;Essence;Euro 6c;PM1.0;Route;0.00104;
VP;Essence;Euro 6c;UPM10;Ville;0.029;
VP;Essence;Euro 6c;CO2;Ville;179.21579;
VUL;Essence;Euro 6c;CH4;Route;0.002;
VUL;Essence;Euro 6c;CO;Route;0.416;
VP;Essence;Euro 6c;CO2;Route;111.73131;
VP;Essence;Euro 6c;SO2;Ville;0.00562;
VP;Diesel;Euro 6c;CO;Ville;0.066;
VUL;Essence;Euro 6c;NH3;Ville;0.012;
VUL;Essence;Euro 6c;SO2;Ville;0.00737;
VUL;Essence;Euro 6c;CO2;Route;136.51006;
VP;Diesel;Euro 6c;PM2.5;Route;0.00118;
VP;Essence;Euro 6c;N2O;Ville;0.00227;
VUL;Essence;Euro 6c;ECOVNM;Ville;0.099;
VP;Essence;Euro 6c;UPM2.5;Route;0.012;
VP;Essence;Euro 6c;N2O;Route;0.00015;
VP;Diesel;Euro 6c;UPM10;Route;0.021;
VP;Essence;Euro 6c;NH3;Ville;0.01;
VP;Diesel;Euro 6c;NH3;Route;0.007;
VP;Essence;Euro 6c;NH3;Route;0.006;
VUL;Essence;Euro 6c;PM2.5;Ville;0.00089;
VP;Essence;Euro 6c;CO;Route;0.22;
VP;Diesel;Euro 6c;NH3;Ville;0.003;
VP;Diesel;Euro 6c;CO2;Ville;189.96968;
VP;Essence;Euro 6c;UPM1.0;Route;0.001;
VP;Diesel;Euro 6c;UTSP;Ville;0.042;
VUL;Essence;Euro 6c;PM1.0;Ville;0.00066;
VP;Diesel;Euro 6c;NOx;Ville;0.42286;
VUL;Essence;Euro 6c;CO2;Ville;235.1847;
VP;Essence;Euro 6c;UTSP;Ville;0.042;
VP;Essence;Euro 6c;CH4;Ville;0.02803;
VUL;Essence;Euro 6c;UPM1.0;Ville;0.003;
VP;Essence;Euro 6c;CO;Ville;0.299;
VUL;Essence;Euro 6c;ECOVNM;Route;0.037;
VP;Diesel;Euro 6c;UPM1.0;Ville;0.002;
VP;Essence;Euro 6c;ECOVNM;Ville;0.096;
VP;Essence;Euro 6c;ECOVNM;Route;0.036;
VUL;Essence;Euro 6c;CO;Ville;0.563;
VP;Essence;Euro 6c;COVNM;Route;0.004;
VP;Diesel;Euro 6c;PM1.0;Ville;0.00188;
VP;Essence;Euro 6c;UPM10;Route;0.021;
VP;Diesel;Euro 6c;CO2;Route;132.34817;
VP;Diesel;Euro 6c;CH4;Ville;0.00007;
VP;Diesel;Euro 6c;UPM2.5;Ville;0.015;
VP;Essence;Euro 6c;ECOVNM;Route;0.036;
VP;Essence;Euro 6c;NOx;Route;0.02226;
VUL;Essence;Euro 6c;UTSP;Ville;0.058;
VUL;Essence;Euro 6c;NOx;Route;0.01461;
VUL;Essence;Euro 6c;UPM1.0;Route;0.002;
VP;Diesel;Euro 6c;PM10;Ville;0.00203;
VP;Essence;Euro 6c;NOx;Ville;0.08302;
VP;Diesel;Euro 6c;COVNM;Ville;0.001;
VUL;Essence;Euro 6c;PM1.0;Route;0.00153;
;;;;;;
;;;;;;
;;;;;;
;;;;;;
;;;;;;
;;;;;;
;;;;;;
;;;;;;
;;;;;;
;;;;;;
;;;;;;
;;;;;;
;;;;;;
;;;;;;
;;;;;;
;;;;;;
;;;;;;
;;;;;;
;;;;;;
;;;;;;
;;;;;;
;;;;;;
;;;;;;
;;;;;;
;;;;;;
;;;;;;
;;;;;;
;;;;;;
;;;;;;
;;;;;;
;;;;;;
;;;;;;
;;;;;;
;;;;;;
;;;;;;
;;;;;;
;;;;;;
;;;;;;
;;;;;;
;;;;;;
;;;;;;
;;;;;;
;;;;;;
;;;;;;
;;;;;;
;;;;;;
;;;;;;
;;;;;;
;;;;;;
;;;;;;
;;;;;;
;;;;;;
;;;;;;
;;;;;;
;;;;;;
;;;;;;
;;;;;;
;;;;;;
;;;;;;
;;;;;;
;;;;;;
;;;;;;
;;;;;;
;;;;;;
;;;;;;
;;;;;;
;;;;;;
;;;;;;
;;;;;;
;;;;;;
;;;;;;
;;;;;;
;;;;;;
;;;;;;
;;;;;;
;;;;;;
;;;;;;
;;;;;;
;;;;;;
;;;;;;
;;;;;;
;;;;;;
;;;;;;
;;;;;;
;;;;;;
;;;;;;
;;;;;;
;;;;;;
;;;;;;
;;;;;;
;;;;;;
;;;;;;
;;;;;;
;;;;;;
;;;;;;
;;;;;;
;;;;;;
;;;;;;
;;;;;;
;;;;;;
;;;;;;
;;;;;;
;;;;;;
;;;;;;
;;;;;;
;;;;;;
;;;;;;
;;;;;;
;;;;;;
;;;;;;
;;;;;;
;;;;;;
;;;;;;
;;;;;;
;;;;;;
;;;;;;
;;;;;;
;;;;;;
;;;;;;
;;;;;;
;;;;;;
;;;;;;
;;;;;;
;;;;;;
;;;;;;
;;;;;;
;;;;;;
;;;;;;
;;;;;;
;;;;;;
;;;;;;
;;;;;;
;;;;;;
;;;;;;
;;;;;;
;;;;;;
;;;;;;
;;;;;;
;;;;;;
;;;;;;
;;;;;;
;;;;;;
;;;;;;
;;;;;;
;;;;;;
;;;;;;
;;;;;;
;;;;;;
;;;;;;
;;;;;;
;;;;;;
;;;;;;
;;;;;;
;;;;;;
;;;;;;
;;;;;;
;;;;;;
;;;;;;
